STATE,YEAR,GRAIN,TEMP_MEAN,TEMP_MIN,TEMP_MAX,PCP_SUM,PDSI_MEAN,GROUP,GRAIN_DETRENDED,TREND
ILLINOIS,1895,41.0,49.708333333333336,7.4,86.5,31.15,-1.6875,0,11.265874125874461,29.73412587412554
INDIANA,1895,36.0,49.9,8.5,87.3,30.5,-2.6675,0,6.01482517482566,29.98517482517434
IOWA,1895,39.0,46.10833333333333,0.1,85.1,26.33,-0.8958333333333334,0,5.7208391608393185,33.27916083916068
MINNESOTA,1895,30.5,38.608333333333334,-11.2,78.9,22.67,-0.1841666666666666,0,5.3741258741260935,25.125874125873906
MISSOURI,1895,37.0,52.925,12.2,86.7,41.35,0.5575,0,13.095524475524655,23.904475524475345
NEBRASKA,1895,16.5,46.675,4.7,85.3,18.95,0.5866666666666667,0,-6.949790209790109,23.44979020979011
ILLINOIS,1896,42.0,52.2,20.8,85.8,35.95,0.3408333333333333,0,11.881075174825583,30.118924825174417
INDIANA,1896,39.5,51.9,20.1,85.1,40.86,0.215,0,9.172967657343179,30.32703234265682
IOWA,1896,43.0,47.4,11.8,84.4,36.78,1.0825,0,9.410476398601645,33.589523601398355
MINNESOTA,1896,30.5,38.725,-2.1,80.1,30.84,1.4683333333333335,0,5.01387674825196,25.48612325174804
MISSOURI,1896,29.5,55.38333333333333,22.9,88.8,40.77,1.895,0,5.410664335664535,24.089335664335465
NEBRASKA,1896,37.5,47.85833333333333,12.9,86.0,25.49,1.6916666666666669,0,13.967198426573503,23.532801573426497
ILLINOIS,1897,34.0,51.4,15.7,87.6,35.71,-0.3191666666666666,0,3.49627622377659,30.50372377622341
INDIANA,1897,30.5,51.24166666666667,15.4,87.4,39.3,0.5275,0,-0.16888986013941576,30.668889860139416
IOWA,1897,33.5,46.56666666666666,6.4,87.1,26.23,-0.4466666666666666,0,-0.39988636363614205,33.89988636363614
MINNESOTA,1897,28.0,38.575,-7.3,81.5,27.3,1.3325,0,2.153627622377826,25.846372377622174
MISSOURI,1897,26.0,54.725,18.7,90.4,41.03,0.15,0,1.7258041958044146,24.274195804195585
NEBRASKA,1897,30.0,47.583333333333336,9.6,89.1,22.74,2.668333333333333,0,6.384187062937144,23.615812937062856
ILLINOIS,1898,31.0,51.3,16.9,86.8,46.79,2.3041666666666667,0,0.11147727272759766,30.888522727272402
INDIANA,1898,38.5,51.85833333333333,18.7,87.8,45.52,1.4708333333333332,0,7.489252622378103,31.010747377621897
IOWA,1898,36.0,46.708333333333336,7.4,85.9,30.09,-2.0475,0,1.7897508741260708,34.21024912587393
MINNESOTA,1898,30.5,39.59166666666667,-2.7,80.6,23.91,-0.4116666666666666,0,4.293378496503692,26.206621503496308
MISSOURI,1898,30.0,54.125,18.3,86.7,54.57,2.9408333333333334,0,5.540944055944237,24.459055944055763
NEBRASKA,1898,21.0,47.11666666666667,9.5,87.4,20.0,0.7566666666666667,0,-2.698824300699215,23.698824300699215
ILLINOIS,1899,38.8,50.81666666666666,8.6,87.8,32.56,-0.38,0,7.526678321678716,31.27332167832128
INDIANA,1899,39.8,51.35,11.3,87.3,34.51,-1.2308333333333332,0,8.44739510489562,31.352604895104378
IOWA,1899,39.1,46.45,0.4,85.4,28.45,-0.6308333333333334,0,4.579388111888285,34.520611888111716
MINNESOTA,1899,32.8,38.333333333333336,-10.0,81.1,29.48,2.0633333333333335,0,6.233129370629555,26.56687062937044
MISSOURI,1899,28.1,53.56666666666667,9.0,90.7,37.89,1.3108333333333333,0,3.4560839160841184,24.643916083915883
NEBRASKA,1899,28.8,46.35833333333333,-1.8,86.4,19.23,-0.9858333333333332,0,5.0181643356644265,23.781835664335574
ILLINOIS,1900,40.0,52.09166666666667,12.4,90.6,35.29,-1.4141666666666666,0,8.341879370629727,31.658120629370273
INDIANA,1900,41.5,52.36666666666667,14.9,89.0,36.62,-2.111666666666667,0,9.805537587413028,31.694462412586972
IOWA,1900,45.0,48.40833333333333,2.7,88.4,35.44,-0.0591666666666666,0,10.169025349650497,34.8309746503495
MINNESOTA,1900,33.0,41.21666666666667,-9.4,82.9,27.65,1.1841666666666666,0,6.072880244755538,26.927119755244462
MISSOURI,1900,29.5,55.175,15.1,92.3,39.49,-0.2041666666666667,0,4.6712237762239965,24.828776223776003
NEBRASKA,1900,26.0,49.791666666666664,7.6,89.4,22.45,-1.5158333333333334,0,2.1351529720280666,23.864847027971933
ILLINOIS,1901,24.0,50.78333333333333,11.7,95.7,25.52,-2.8575,0,-8.042919580419266,32.042919580419266
INDIANA,1901,22.0,50.43333333333334,12.5,93.7,30.57,-3.026666666666667,0,-10.036319930069453,32.03631993006945
IOWA,1901,28.5,47.94166666666666,5.8,96.3,24.5,-1.4175000000000002,0,-6.641337412587177,35.14133741258718
MINNESOTA,1901,27.0,40.108333333333334,-4.4,84.0,24.49,0.0316666666666666,0,-0.2873688811185957,27.287368881118596
MISSOURI,1901,10.0,54.95,18.0,99.9,25.6,-2.813333333333333,0,-15.01363636363618,25.01363636363618
NEBRASKA,1901,14.0,48.65,7.9,96.4,22.45,-1.5975,0,-9.947858391608293,23.947858391608293
ILLINOIS,1902,41.0,50.625,9.1,86.5,42.79,-0.4841666666666667,0,8.572281468531855,32.427718531468145
INDIANA,1902,39.0,51.00833333333333,10.0,86.7,40.9,-0.7475,0,6.621822552448066,32.378177447551934
IOWA,1902,38.0,46.59166666666667,6.0,83.2,43.78,1.2283333333333335,0,2.548299825175036,35.451700174824964
MINNESOTA,1902,23.0,40.09166666666667,0.3,80.4,27.17,0.6475,0,-4.6476180069927295,27.64761800699273
MISSOURI,1902,39.0,53.56666666666666,13.4,87.6,45.58,-0.88,0,13.801503496503699,25.1984965034963
NEBRASKA,1902,32.5,47.34166666666667,10.0,84.3,27.77,0.9066666666666668,0,8.469130244755348,24.03086975524465
ILLINOIS,1903,35.5,50.15833333333333,13.0,87.0,34.64,2.005,0,2.687482517482863,32.81251748251714
INDIANA,1903,35.0,50.25,13.0,86.6,37.11,0.0891666666666666,0,2.279965034965471,32.72003496503453
IOWA,1903,32.5,46.24166666666667,7.3,83.6,35.43,4.165,0,-3.262062937062751,35.76206293706275
MINNESOTA,1903,27.5,38.016666666666666,-4.9,77.4,31.14,3.3708333333333336,0,-0.5078671328668634,28.007867132866863
MISSOURI,1903,29.5,52.975,18.8,88.1,41.36,2.6341666666666668,0,4.1166433566435785,25.38335664335642
NEBRASKA,1903,27.5,46.791666666666664,7.2,84.6,25.68,4.2683333333333335,0,3.3861188811189606,24.11388111888104
ILLINOIS,1904,39.0,48.85,9.8,83.8,37.18,1.115,0,5.8026835664338705,33.19731643356613
INDIANA,1904,33.0,48.65833333333333,10.0,84.0,38.0,-0.2933333333333333,0,-0.06189248251700974,33.06189248251701
IOWA,1904,39.0,45.26666666666667,2.8,81.4,27.94,0.8083333333333335,0,2.9275743006994617,36.07242569930054
MINNESOTA,1904,25.5,37.3,-12.9,76.0,24.91,3.2175,0,-2.868116258740997,28.368116258740997
MISSOURI,1904,26.0,52.71666666666667,16.1,84.8,40.95,1.7958333333333334,0,0.43178321678340126,25.5682167832166
NEBRASKA,1904,33.0,47.80833333333334,9.0,83.8,22.49,3.2358333333333333,0,8.803107517482601,24.1968924825174
ILLINOIS,1905,42.0,50.3,7.6,85.6,37.04,0.1458333333333333,0,8.417884615384992,33.58211538461501
INDIANA,1905,42.0,50.25833333333333,8.9,84.4,42.03,0.285,0,8.59625000000051,33.40374999999949
IOWA,1905,41.5,46.25,-0.4,85.1,36.11,0.9833333333333334,0,5.1172115384616745,36.382788461538325
MINNESOTA,1905,34.0,39.09166666666667,-10.2,78.6,32.32,3.7925,0,5.271634615384869,28.72836538461513
MISSOURI,1905,34.0,52.85,10.1,87.2,47.11,0.8641666666666667,0,8.24692307692328,25.75307692307672
NEBRASKA,1905,34.0,46.73333333333333,2.4,87.0,30.57,5.1066666666666665,0,9.720096153846242,24.279903846153758
ILLINOIS,1906,39.0,51.40833333333333,17.0,87.1,36.83,0.1241666666666666,0,5.033085664335999,33.966914335664
INDIANA,1906,41.0,51.375,15.4,86.3,39.23,0.2391666666666666,0,7.254392482517915,33.745607517482085
IOWA,1906,45.5,47.46666666666667,11.1,84.7,31.49,0.4116666666666666,0,8.806848776224001,36.693151223776
MINNESOTA,1906,34.0,39.90833333333333,-2.5,78.8,29.53,3.7883333333333336,0,4.911385489510735,29.088614510489265
MISSOURI,1906,32.5,53.75,20.6,86.7,40.03,2.2516666666666665,0,6.562062937063104,25.937937062936896
NEBRASKA,1906,34.0,47.71666666666667,14.1,84.8,26.18,5.339166666666667,0,9.637084790209883,24.362915209790117
ILLINOIS,1907,39.0,50.46666666666667,19.2,86.0,40.76,1.9975,0,4.648286713287007,34.35171328671299
INDIANA,1907,36.5,49.75,18.1,84.7,44.31,2.124166666666667,0,2.4125349650354337,34.087465034964566
IOWA,1907,35.0,46.39166666666667,8.9,84.2,31.6,1.1900000000000002,0,-2.003513986013786,37.003513986013786
MINNESOTA,1907,27.0,37.49166666666667,-11.3,78.9,22.72,2.9600000000000004,0,-2.4488636363633987,29.4488636363634
MISSOURI,1907,31.0,54.225,22.6,88.7,40.4,1.7566666666666666,0,4.877202797202983,26.122797202797017
NEBRASKA,1907,24.0,47.525,8.6,86.6,19.98,4.0125,0,-0.4459265734264761,24.445926573426476
ILLINOIS,1908,35.0,52.291666666666664,18.8,86.2,35.44,0.2308333333333333,0,0.2634877622381282,34.73651223776187
INDIANA,1908,30.5,52.125,18.5,86.8,33.36,-0.4108333333333333,0,-3.929322552447047,34.42932255244705
IOWA,1908,38.0,48.333333333333336,12.5,84.2,34.74,2.1141666666666667,0,0.6861232517484268,37.31387674825157
MINNESOTA,1908,29.0,41.13333333333333,1.8,80.1,27.95,2.27,0,-0.8091127622375325,29.809112762237532
MISSOURI,1908,27.0,55.28333333333333,21.6,87.3,43.03,1.0041666666666669,0,0.6923426573428628,26.307657342657137
NEBRASKA,1908,27.0,48.84166666666667,15.6,84.7,26.05,3.046666666666667,0,2.4710620629371647,24.528937937062835
ILLINOIS,1909,38.8,50.9,12.3,89.0,43.17,0.9725,0,3.678688811189133,35.121311188810864
INDIANA,1909,39.9,50.60833333333333,13.7,85.9,47.58,1.4391666666666667,0,5.128819930070357,34.77118006992964
IOWA,1909,37.1,46.3,5.9,87.6,39.67,2.7449999999999997,0,-0.5242395104893589,37.62423951048936
MINNESOTA,1909,33.9,38.7,-3.5,80.5,28.67,1.4766666666666666,0,3.7306381118883323,30.169361888111666
MISSOURI,1909,26.9,54.583333333333336,15.0,92.4,45.4,0.6891666666666666,0,0.40748251748268416,26.492517482517314
NEBRASKA,1909,24.8,46.86666666666667,3.8,89.8,25.41,4.110833333333333,0,0.1880506993008062,24.611949300699195
ILLINOIS,1910,41.0,50.84166666666667,14.4,87.0,31.86,-0.7741666666666666,0,5.493889860140143,35.50611013985986
INDIANA,1910,39.0,50.15,15.1,85.3,37.61,0.3433333333333333,0,3.8869624125878772,35.11303758741212
IOWA,1910,41.5,47.59166666666667,5.6,87.8,20.21,-2.4683333333333333,0,3.5653977272728525,37.93460227272715
MINNESOTA,1910,32.0,40.78333333333334,-6.9,83.3,15.08,-2.893333333333333,0,1.4703889860141999,30.5296110139858
MISSOURI,1910,33.0,54.09166666666667,16.9,87.8,37.25,0.2933333333333333,0,6.322622377622565,26.677377622377435
NEBRASKA,1910,26.0,49.3,9.8,89.5,16.87,-0.9333333333333332,0,1.3050393356644179,24.694960664335582
ILLINOIS,1911,36.0,52.708333333333336,19.7,88.7,38.64,-0.1575,0,0.10909090909126462,35.890909090908735
INDIANA,1911,34.5,52.291666666666664,21.6,87.5,39.71,-0.0025,0,-0.9548951048946037,35.454895104894604
IOWA,1911,35.5,48.4,7.9,89.0,31.63,-2.8966666666666665,0,-2.744965034964821,38.24496503496482
MINNESOTA,1911,33.0,39.6,-9.8,81.3,27.56,-3.659166666666667,0,2.110139860140066,30.889860139859934
MISSOURI,1911,26.0,56.083333333333336,23.6,92.0,37.68,-0.5541666666666666,0,-0.8622377622375552,26.862237762237555
NEBRASKA,1911,21.5,48.625,12.5,89.7,21.28,-1.2375,0,-3.2779720279719413,24.77797202797194
ILLINOIS,1912,40.0,49.36666666666667,4.6,86.2,34.96,1.1025,0,3.724291958042272,36.27570804195773
INDIANA,1912,39.5,49.0,6.8,84.2,40.129999999999995,1.9125,0,3.7032473776228017,35.7967526223772
IOWA,1912,46.0,45.208333333333336,-6.7,86.3,28.41,-0.1733333333333333,0,7.444672202797392,38.55532779720261
MINNESOTA,1912,34.0,38.00833333333333,-19.8,78.9,22.25,-0.2541666666666666,0,2.7498907342659322,31.250109265734068
MISSOURI,1912,32.0,52.44166666666666,8.5,89.8,39.01,0.2333333333333333,0,4.9529020979022675,27.047097902097732
NEBRASKA,1912,27.0,46.0,1.6,87.0,21.69,1.4366666666666663,0,2.1390166083916995,24.8609833916083
ILLINOIS,1913,28.0,52.75833333333333,15.6,90.5,35.22,-1.1125,0,-8.66050699300672,36.66050699300672
INDIANA,1913,35.5,52.475,15.4,89.4,43.24,-0.3899999999999999,0,-0.6386101398596793,36.13861013985968
IOWA,1913,37.5,48.63333333333333,7.3,89.0,30.07,-0.9516666666666668,0,-1.3656905594403952,38.865690559440395
MINNESOTA,1913,38.0,40.025,-7.3,79.7,25.81,0.1541666666666666,0,6.389641608391798,31.6103583916082
MISSOURI,1913,17.5,55.49166666666667,18.4,97.0,37.5,-1.1516666666666666,0,-9.731958041957853,27.231958041957853
NEBRASKA,1913,15.0,48.15,6.2,93.0,21.16,-0.3208333333333333,0,-9.94399475524466,24.94399475524466
ILLINOIS,1914,31.0,51.958333333333336,11.0,92.2,28.23,-3.639166666666666,0,-6.045305944055599,37.0453059440556
INDIANA,1914,33.0,51.21666666666667,10.3,90.7,31.23,-3.1625,0,-3.4804676573421602,36.48046765734216
IOWA,1914,40.5,48.18333333333334,5.1,88.9,31.65,-1.2775,0,1.3239466783218177,39.17605332167818
MINNESOTA,1914,35.0,39.88333333333333,-12.0,83.7,27.48,0.5958333333333333,0,3.0293924825176646,31.970607517482335
MISSOURI,1914,22.0,55.0,16.3,92.4,34.08,-1.7141666666666666,0,-5.41681818181803,27.41681818181803
NEBRASKA,1914,24.5,48.85,4.3,90.0,20.13,-0.6958333333333333,0,-0.5270061188810189,25.02700611888102
ILLINOIS,1915,38.0,50.89166666666667,13.4,82.3,41.8,0.4541666666666666,0,0.5698951048954086,37.43010489510459
INDIANA,1915,38.5,50.666666666666664,14.5,82.5,41.11,-0.0191666666666667,0,1.6776748251752451,36.822325174824755
IOWA,1915,32.5,46.708333333333336,6.9,79.0,38.98,2.9066666666666663,0,-6.9864160839159695,39.48641608391597
MINNESOTA,1915,23.0,40.19166666666667,-4.2,75.9,27.98,1.2025,0,-9.33085664335647,32.33085664335647
MISSOURI,1915,29.5,53.875,17.9,84.8,49.28,2.0116666666666667,0,1.8983216783218495,27.60167832167815
NEBRASKA,1915,31.0,46.35,7.3,80.1,35.5,4.755,0,5.889982517482622,25.110017482517378
ILLINOIS,1916,31.0,51.13333333333333,16.6,93.8,36.97,-0.4975,0,-6.814903846153584,37.814903846153584
INDIANA,1916,32.5,51.09166666666667,17.0,91.3,40.06,-0.335,0,-4.664182692307236,37.164182692307236
IOWA,1916,38.0,46.3,6.5,92.3,28.5,-0.4758333333333333,0,-1.796778846153643,39.79677884615364
MINNESOTA,1916,33.0,37.15833333333333,-10.6,85.8,28.23,2.9,0,0.3088942307693969,32.6911057692306
MISSOURI,1916,19.5,54.325,19.2,94.5,39.54,-0.4233333333333333,0,-8.286538461538271,27.78653846153827
NEBRASKA,1916,27.0,46.666666666666664,3.0,93.0,19.03,4.615,0,1.8069711538462627,25.193028846153737
ILLINOIS,1917,40.0,48.34166666666667,11.9,86.5,31.95,-0.4749999999999999,0,1.8002972027975375,38.19970279720246
INDIANA,1917,35.5,48.06666666666666,11.4,84.2,36.58,-0.1716666666666666,0,-2.0060402097897168,37.50604020978972
IOWA,1917,38.5,43.958333333333336,1.8,86.0,27.62,-0.8591666666666665,0,-1.60714160839143,40.10714160839143
MINNESOTA,1917,27.0,35.675000000000004,-12.4,81.6,19.98,-0.4141666666666665,0,-6.051354895104623,33.05135489510462
MISSOURI,1917,33.5,51.825,13.7,89.6,32.65,-1.8258333333333336,0,5.528601398601552,27.971398601398448
NEBRASKA,1917,27.0,45.89166666666667,7.3,90.9,20.63,0.8133333333333334,0,1.723959790209875,25.276040209790125
ILLINOIS,1918,36.5,51.26666666666667,1.6,89.8,38.04,0.1116666666666666,0,-2.084501748251455,38.584501748251455
INDIANA,1918,35.0,51.1,1.3,89.0,39.98,-0.5391666666666667,0,-2.8478977272723114,37.84789772727231
IOWA,1918,37.0,48.125,-2.6,87.4,32.54,-0.5025000000000001,0,-3.417504370629217,40.41750437062922
MINNESOTA,1918,37.0,40.11666666666667,-11.8,79.1,24.1,-2.02,0,3.588395979021243,33.41160402097876
MISSOURI,1918,20.0,54.708333333333336,4.9,94.0,37.42,-2.595833333333333,0,-8.156258741258569,28.15625874125857
NEBRASKA,1918,18.0,48.48333333333333,0.7,88.3,22.79,-0.8816666666666667,0,-7.359051573426484,25.359051573426484
ILLINOIS,1919,36.0,52.09166666666667,14.2,91.1,37.23,-0.0608333333333333,0,-2.9693006993004474,38.96930069930045
INDIANA,1919,35.6,52.291666666666664,15.4,90.8,38.82,-0.32,0,-2.589755244754791,38.18975524475479
IOWA,1919,41.6,47.51666666666667,5.0,89.4,36.4,1.5108333333333333,0,0.8721328671329971,40.727867132867004
MINNESOTA,1919,35.5,39.225,-3.8,82.2,27.31,1.4691666666666665,0,1.7281468531471091,33.77185314685289
MISSOURI,1919,26.5,54.666666666666664,18.3,91.6,40.58,-0.1708333333333333,0,-1.841118881118689,28.34111888111869
NEBRASKA,1919,24.0,47.19166666666666,8.0,90.7,24.46,1.915,0,-1.4420629370628433,25.442062937062843
ILLINOIS,1920,35.0,50.80833333333333,12.2,86.4,32.58,-0.8608333333333333,0,-4.354099650349326,39.354099650349326
INDIANA,1920,39.5,50.375,12.2,84.5,36.11,-0.5191666666666667,0,0.9683872377627267,38.53161276223727
IOWA,1920,46.0,47.05833333333334,5.7,83.4,31.06,0.2625,0,4.961770104895322,41.03822989510468
MINNESOTA,1920,33.5,39.675,-8.6,79.3,25.45,0.8891666666666667,0,-0.6321022727270247,34.132102272727025
MISSOURI,1920,31.5,53.724999999999994,18.0,88.3,37.69,0.1291666666666666,0,2.974020979021134,28.525979020978866
NEBRASKA,1920,33.2,47.583333333333336,14.4,87.7,24.9,3.6841666666666666,0,7.6749256993008,25.525074300699202
ILLINOIS,1921,35.0,55.0,24.6,92.5,40.74,-1.2208333333333334,0,-4.7388986013983185,39.73889860139832
INDIANA,1921,36.0,54.93333333333334,24.2,92.5,44.73,-0.265,0,-2.873470279719868,38.87347027971987
IOWA,1921,43.0,51.03333333333333,16.4,89.6,32.0,-0.4916666666666667,0,1.651407342657535,41.348592657342465
MINNESOTA,1921,38.5,42.45,5.2,85.4,23.01,-2.0766666666666667,0,4.0076486013988415,34.49235139860116
MISSOURI,1921,30.5,57.56666666666666,26.1,92.0,44.34,0.495,0,1.7891608391610134,28.710839160838987
NEBRASKA,1921,27.0,50.93333333333334,15.7,89.0,20.29,-0.3091666666666666,0,1.3919143356644383,25.60808566433556
ILLINOIS,1922,35.5,52.975,14.0,86.8,34.0,-0.8975,0,-4.623697552447197,40.1236975524472
INDIANA,1922,36.0,52.85833333333333,14.8,85.8,38.12,-0.4816666666666667,0,-3.215327797202349,39.21532779720235
IOWA,1922,45.0,48.975,7.3,85.0,29.57,-0.4025,0,3.341044580419748,41.65895541958025
MINNESOTA,1922,29.5,40.891666666666666,-6.3,81.9,23.12,-3.1025000000000005,0,-5.352600524475292,34.85260052447529
MISSOURI,1922,28.5,55.666666666666664,17.8,89.1,39.28,-0.6425,0,-0.39569930069910697,28.895699300699107
NEBRASKA,1922,24.0,48.61666666666667,6.6,89.7,20.6,-1.2933333333333332,0,-1.6910970279719209,25.69109702797192
ILLINOIS,1923,37.5,51.68333333333334,15.8,88.7,37.66,-1.2066666666666668,0,-3.0084965034961897,40.50849650349619
INDIANA,1923,38.0,51.35833333333333,16.1,86.8,42.38,0.385,0,-1.5571853146848298,39.55718531468483
IOWA,1923,40.5,47.86666666666667,7.4,88.2,29.63,-0.7583333333333333,0,-1.4693181818180392,41.96931818181804
MINNESOTA,1923,35.0,40.35,-8.0,83.7,20.21,-3.2841666666666662,0,-0.21284965034942616,35.212849650349426
MISSOURI,1923,30.0,54.666666666666664,19.5,89.2,41.14,0.4624999999999999,0,0.9194405594407158,29.080559440559284
NEBRASKA,1923,32.0,48.125,8.9,88.0,28.09,2.0166666666666666,0,6.2258916083916915,25.77410839160831
ILLINOIS,1924,33.0,49.23333333333333,10.2,84.5,35.79,0.3408333333333333,0,-7.893295454545182,40.89329545454518
INDIANA,1924,28.0,48.95,12.0,84.4,37.34,0.39,0,-11.899042832167424,39.899042832167424
IOWA,1924,28.0,45.075,1.4,81.6,31.0,0.3941666666666666,0,-14.279680944055826,42.279680944055826
MINNESOTA,1924,26.5,37.675,-11.2,78.3,24.540000000000003,-1.6933333333333334,0,-9.07309877622356,35.57309877622356
MISSOURI,1924,23.5,52.349999999999994,13.4,87.8,40.08,0.5058333333333332,0,-5.765419580419405,29.265419580419405
NEBRASKA,1924,21.5,45.81666666666666,2.8,85.8,20.35,3.1999999999999997,0,-4.357119755244668,25.857119755244668
ILLINOIS,1925,41.0,51.775,15.4,86.9,32.1,-0.8708333333333332,0,-0.27809440559406085,41.27809440559406
INDIANA,1925,42.0,51.59166666666667,16.3,86.1,34.54,-1.3191666666666666,0,1.7590996503500946,40.240900349649905
IOWA,1925,43.9,47.51666666666667,7.5,86.3,27.93,-0.2724999999999999,0,1.3099562937064988,42.5900437062935
MINNESOTA,1925,36.0,39.791666666666664,-3.9,81.3,23.58,-0.0175,0,0.0666520979023062,35.933347902097694
MISSOURI,1925,27.5,55.041666666666664,18.6,89.4,39.18,-0.0666666666666666,0,-1.9502797202795819,29.450279720279582
NEBRASKA,1925,25.0,48.73333333333333,6.8,89.1,20.73,-0.2541666666666667,0,-0.9401311188810269,25.940131118881027
ILLINOIS,1926,36.0,50.36666666666667,18.8,88.3,42.81,1.330833333333333,0,-5.662893356643053,41.66289335664305
INDIANA,1926,38.0,50.01666666666667,18.3,87.7,43.23,1.1116666666666666,0,-2.5827578671323863,40.582757867132386
IOWA,1926,39.0,47.06666666666666,11.1,86.0,32.33,0.6116666666666667,0,-3.900406468531287,42.90040646853129
MINNESOTA,1926,34.0,38.791666666666664,-1.2,81.4,24.88,0.1425,0,-2.2935970279718276,36.29359702797183
MISSOURI,1926,26.0,53.791666666666664,21.8,90.2,42.88,0.6191666666666666,0,-3.6351398601397023,29.635139860139702
NEBRASKA,1926,15.5,48.90833333333333,13.2,88.4,20.57,-0.4533333333333333,0,-10.523142482517386,26.023142482517386
ILLINOIS,1927,32.0,51.98333333333333,16.4,85.7,49.21,4.0625,0,-10.047692307692046,42.047692307692046
INDIANA,1927,31.5,51.95,17.9,85.5,48.67,3.16,0,-9.424615384614981,40.92461538461498
IOWA,1927,35.0,47.6,6.7,85.6,29.29,0.0691666666666666,0,-8.210769230769074,43.210769230769074
MINNESOTA,1927,31.0,38.55833333333333,-7.9,77.3,24.36,0.7441666666666666,0,-5.6538461538459615,36.65384615384596
MISSOURI,1927,27.0,54.958333333333336,18.2,86.9,55.01,4.284166666666667,0,-2.8199999999998226,29.819999999999823
NEBRASKA,1927,32.1,47.6,4.3,86.7,23.71,1.4725,0,5.993846153846256,26.106153846153745
ILLINOIS,1928,38.0,51.40833333333333,18.8,86.6,36.98,2.775833333333334,0,-4.432491258740924,42.432491258740924
INDIANA,1928,35.2,50.55833333333334,18.4,85.4,35.980000000000004,1.7891666666666668,0,-6.066472902097459,41.26647290209746
IOWA,1928,41.5,48.2,13.8,84.9,35.46,0.6416666666666666,0,-2.021131993006861,43.52113199300686
MINNESOTA,1928,35.0,40.516666666666666,0.7,79.3,25.94,1.01,0,-2.0140952797200953,37.014095279720095
MISSOURI,1928,27.5,54.39166666666667,21.8,87.7,45.04,3.375833333333333,0,-2.50486013986,30.00486013986
NEBRASKA,1928,22.0,48.53333333333333,14.8,87.0,21.86,-0.2191666666666667,0,-4.189165209790104,26.189165209790104
ILLINOIS,1929,35.5,49.9,9.7,86.5,41.71,2.8266666666666667,0,-7.317290209789917,42.81729020978992
INDIANA,1929,31.3,49.90833333333333,13.0,86.2,46.39,1.8583333333333336,0,-10.308330419579942,41.60833041957994
IOWA,1929,40.2,45.2,-2.0,84.9,29.45,0.5866666666666667,0,-3.6314947552446455,43.83149475524465
MINNESOTA,1929,36.5,37.541666666666664,-16.0,82.6,20.52,-0.8033333333333333,0,-0.8743444055942291,37.37434440559423
MISSOURI,1929,23.2,52.81666666666666,13.2,88.5,45.92,3.418333333333333,0,-6.989720279720121,30.18972027972012
NEBRASKA,1929,25.2,46.291666666666664,3.3,88.9,22.6,0.895,0,-1.0721765734264643,26.272176573426464
ILLINOIS,1930,27.0,52.55,10.0,92.1,27.55,-2.1483333333333334,0,-16.20208916083891,43.20208916083891
INDIANA,1930,28.0,52.03333333333333,14.5,91.1,29.55,-2.3233333333333333,0,-13.950187937062537,41.95018793706254
IOWA,1930,34.0,48.958333333333336,-1.3,91.0,26.09,-1.3558333333333332,0,-10.141857517482322,44.14185751748232
MINNESOTA,1930,33.0,41.19166666666667,-11.7,83.9,22.32,-2.3225,0,-4.734593531468363,37.73459353146836
MISSOURI,1930,16.0,55.15,10.1,94.9,31.25,-1.9783333333333335,0,-14.37458041958024,30.37458041958024
NEBRASKA,1930,25.0,48.81666666666666,-2.0,93.1,25.48,1.2558333333333334,0,-1.3551879370628512,26.35518793706285
ILLINOIS,1931,37.0,54.88333333333333,23.1,91.2,37.39,-4.820833333333334,0,-6.586888111887788,43.58688811188779
INDIANA,1931,39.0,54.208333333333336,23.1,90.5,37.99,-3.35,0,-3.2920454545450184,42.29204545454502
IOWA,1931,32.9,52.01666666666667,17.1,89.9,34.59,-2.0733333333333333,0,-11.55222027972011,44.45222027972011
MINNESOTA,1931,25.0,45.03333333333333,8.5,84.2,22.95,-3.5841666666666665,0,-13.094842657342497,38.0948426573425
MISSOURI,1931,26.0,57.21666666666667,24.3,92.3,40.59,-1.7825,0,-4.559440559440418,30.559440559440418
NEBRASKA,1931,17.0,51.325,17.4,91.6,18.99,-0.3033333333333333,0,-9.43819930069921,26.43819930069921
ILLINOIS,1932,43.0,52.05,19.5,89.2,35.83,-0.7975,0,-0.9716870629367804,43.97168706293678
INDIANA,1932,37.5,51.85833333333333,20.7,88.2,42.11,0.07,0,-5.133902972027499,42.6339029720275
IOWA,1932,43.0,47.025,11.0,87.6,31.67,2.035833333333333,0,-1.762583041957896,44.762583041957896
MINNESOTA,1932,37.5,39.56666666666667,0.1,82.6,22.06,-2.42,0,-0.9550917832166306,38.45509178321663
MISSOURI,1932,28.0,54.875,20.8,91.0,36.92,-0.285,0,-2.7443006993005383,30.74430069930054
NEBRASKA,1932,25.0,47.73333333333333,7.6,90.8,20.57,-0.2658333333333333,0,-1.5212106643355696,26.52121066433557
ILLINOIS,1933,27.5,53.6,17.3,91.4,34.66,-0.8125,0,-16.856486013985773,44.35648601398577
INDIANA,1933,29.5,53.208333333333336,19.3,90.6,40.09,-0.2424999999999999,0,-13.475760489510094,42.975760489510094
IOWA,1933,40.0,49.51666666666667,9.2,91.6,24.5,-1.4083333333333332,0,-5.072945804195683,45.07294580419568
MINNESOTA,1933,31.0,40.416666666666664,-4.8,85.7,20.94,-3.4066666666666667,0,-7.815340909090764,38.815340909090764
MISSOURI,1933,24.0,56.51666666666667,19.7,91.3,36.64,-0.7683333333333332,0,-6.929160839160716,30.929160839160716
NEBRASKA,1933,22.5,50.63333333333333,7.9,92.3,20.13,-2.1683333333333334,0,-4.104222027971929,26.60422202797193
ILLINOIS,1934,22.1,53.21666666666667,14.8,94.2,32.769999999999996,-3.6075,0,-22.64128496503465,44.74128496503465
INDIANA,1934,27.6,52.366666666666674,12.4,92.9,29.67,-4.4375,0,-15.717618006992573,43.317618006992575
IOWA,1934,28.2,50.19166666666666,11.8,92.3,26.73,-5.156666666666667,0,-17.18330856643347,45.38330856643347
MINNESOTA,1934,24.6,41.358333333333334,0.3,83.4,20.46,-6.2425,0,-14.575590034964897,39.1755900349649
MISSOURI,1934,9.3,56.63333333333333,19.8,100.3,34.45,-2.6991666666666667,0,-21.814020979020835,31.114020979020836
NEBRASKA,1934,6.2,52.00833333333333,15.0,97.7,14.5,-5.595833333333334,0,-20.48723339160829,26.687233391608288
ILLINOIS,1935,38.5,51.25833333333333,16.9,89.4,41.29,0.6108333333333333,0,-6.626083916083644,45.126083916083644
INDIANA,1935,38.0,51.05833333333334,16.4,88.3,38.73,-2.3766666666666665,0,-5.659475524475056,43.659475524475056
IOWA,1935,38.0,47.38333333333333,9.7,90.5,32.519999999999996,0.345,0,-7.693671328671144,45.693671328671144
MINNESOTA,1935,34.5,39.391666666666666,-7.7,85.5,25.93,-0.1524999999999999,0,-5.035839160838918,39.53583916083892
MISSOURI,1935,19.0,54.208333333333336,20.7,91.6,47.83,0.7366666666666667,0,-12.298881118880956,31.298881118880956
NEBRASKA,1935,13.5,48.725,12.6,94.3,22.46,-3.59,0,-13.270244755244647,26.770244755244647
ILLINOIS,1936,24.0,51.85833333333333,7.3,97.3,30.0,-1.2716666666666667,0,-21.510882867132636,45.510882867132636
INDIANA,1936,25.6,51.48333333333333,10.1,94.9,33.44,-1.85,0,-18.40133304195765,44.00133304195765
IOWA,1936,20.0,47.26666666666667,-5.7,98.4,25.54,-2.2041666666666666,0,-26.00403409090893,46.00403409090893
MINNESOTA,1936,22.0,37.858333333333334,-18.4,90.6,18.630000000000003,-2.2408333333333332,0,-17.896088286713052,39.89608828671305
MISSOURI,1936,10.5,55.35833333333333,10.7,99.2,28.99,-1.5083333333333335,0,-20.983741258741134,31.483741258741134
NEBRASKA,1936,5.5,48.40833333333333,-5.0,99.3,14.3,-4.100833333333333,0,-21.353256118881006,26.853256118881006
ILLINOIS,1937,48.0,50.55,17.3,89.0,36.59,0.3566666666666666,0,2.104318181818485,45.895681818181515
INDIANA,1937,45.0,50.416666666666664,20.6,87.2,45.18,1.895,0,0.6568094405598686,44.34319055944013
IOWA,1937,45.0,46.291666666666664,0.2,89.1,27.49,-2.3233333333333333,0,-1.314396853146718,46.31439685314672
MINNESOTA,1937,37.5,38.358333333333334,-15.2,84.0,26.12,-3.481666666666667,0,-2.756337412587186,40.256337412587186
MISSOURI,1937,27.5,53.40833333333333,17.7,91.8,36.2,-0.6924999999999999,0,-4.168601398601254,31.668601398601254
NEBRASKA,1937,12.0,47.64166666666667,-3.8,93.5,17.87,-5.493333333333333,0,-14.936267482517394,26.936267482517394
ILLINOIS,1938,44.0,54.075,18.5,87.8,40.57,0.3958333333333333,0,-2.2804807692305076,46.28048076923051
INDIANA,1938,41.0,53.458333333333336,19.1,86.8,40.7,0.8166666666666668,0,-3.6850480769226124,44.68504807692261
IOWA,1938,46.0,50.01666666666667,9.8,88.3,36.32,-0.075,0,-0.6247596153845052,46.624759615384505
MINNESOTA,1938,36.5,41.55833333333333,-3.4,82.8,27.27,-1.3183333333333334,0,-4.11658653846132,40.61658653846132
MISSOURI,1938,26.0,57.26666666666667,21.4,92.8,41.04,-0.1308333333333333,0,-5.853461538461374,31.853461538461374
NEBRASKA,1938,15.5,50.775000000000006,14.2,91.4,22.3,-4.150833333333334,0,-11.519278846153753,27.019278846153753
ILLINOIS,1939,51.0,53.25,18.5,87.3,35.78,-0.25,0,4.3347202797205,46.6652797202795
INDIANA,1939,50.0,52.74166666666667,20.3,86.0,38.23,-0.535,0,4.973094405594793,45.02690559440521
IOWA,1939,52.2,49.875,6.8,88.1,24.5,-1.3108333333333333,0,5.2648776223777105,46.93512237762229
MINNESOTA,1939,47.0,41.4,-9.9,83.2,21.75,-2.22,0,6.023164335664546,40.976835664335454
MISSOURI,1939,30.3,56.35,20.0,91.5,37.83,-0.1541666666666666,0,-1.738321678321551,32.03832167832155
NEBRASKA,1939,14.2,50.90833333333333,6.3,94.5,16.490000000000002,-4.553333333333334,0,-12.902290209790113,27.102290209790112
ILLINOIS,1940,43.0,50.50833333333333,4.8,89.1,28.85,-3.595833333333333,0,-4.050078671328379,47.05007867132838
INDIANA,1940,37.0,50.00833333333333,5.5,88.0,32.35,-3.443333333333334,0,-8.368763111887688,45.36876311188769
IOWA,1940,52.5,46.61666666666667,-2.3,89.2,30.5,-3.3608333333333333,0,5.254514860140034,47.245485139859966
MINNESOTA,1940,41.0,39.725,-7.1,83.1,25.1,-2.8708333333333336,0,-0.3370847902095875,41.33708479020959
MISSOURI,1940,31.0,52.90833333333333,4.2,89.7,32.6,-2.635,0,-1.223181818181672,32.22318181818167
NEBRASKA,1940,20.5,48.56666666666666,-0.4,93.5,17.37,-5.53,0,-6.685301573426472,27.18530157342647
ILLINOIS,1941,53.0,53.43333333333334,17.9,88.3,39.79,-1.8433333333333335,0,5.565122377622629,47.43487762237737
INDIANA,1941,45.0,52.85833333333334,17.6,88.0,31.99,-3.4133333333333336,0,-0.7106206293701689,45.71062062937017
IOWA,1941,51.0,49.78333333333333,11.4,87.0,36.15,-0.2108333333333333,0,3.444152097902247,47.55584790209775
MINNESOTA,1941,45.0,42.333333333333336,-0.1,82.6,29.17,1.0141666666666669,0,3.3026660839162787,41.69733391608372
MISSOURI,1941,29.5,56.15833333333333,22.0,91.3,43.17,-1.163333333333333,0,-2.9080419580418493,32.40804195804185
NEBRASKA,1941,24.0,49.65833333333333,15.2,88.7,24.67,-1.8158333333333332,0,-3.2683129370628308,27.26831293706283
ILLINOIS,1942,54.0,51.71666666666667,17.1,86.7,41.01,2.065,0,6.180323426573636,47.819676573426364
INDIANA,1942,54.0,51.475,17.4,86.7,41.1,0.705,0,7.9475218531472365,46.05247814685276
IOWA,1942,60.0,47.64166666666666,10.4,85.1,32.57,2.0575,0,12.13378933566446,47.86621066433554
MINNESOTA,1942,46.0,40.766666666666666,-0.2,78.6,28.2,2.3175,0,3.942416958042145,42.057583041957855
MISSOURI,1942,36.0,54.44166666666666,18.6,89.6,46.0,2.1283333333333334,0,3.4070979020980303,32.59290209790197
NEBRASKA,1942,32.0,48.21666666666667,11.9,90.1,25.2,1.6241666666666663,0,4.64867569930081,27.35132430069919
ILLINOIS,1943,50.0,50.958333333333336,17.0,88.7,34.68,0.1324999999999999,0,1.7955244755247577,48.20447552447524
INDIANA,1943,49.0,50.775,18.5,87.2,37.15,-0.4458333333333333,0,2.6056643356647555,46.394335664335244
IOWA,1943,55.0,46.541666666666664,5.4,86.5,31.09,1.7591666666666663,0,6.823426573426673,48.17657342657333
MINNESOTA,1943,42.5,39.041666666666664,-9.6,83.2,26.88,2.6358333333333333,0,0.08216783216801105,42.41783216783199
MISSOURI,1943,31.5,53.975,18.2,91.0,38.19,0.4641666666666666,0,-1.27776223776209,32.77776223776209
NEBRASKA,1943,27.0,48.99166666666667,7.3,90.6,17.57,-1.2641666666666669,0,-0.43433566433554915,27.43433566433555
ILLINOIS,1944,45.4,52.291666666666664,16.0,88.6,33.56,-1.5666666666666669,0,-3.189274475524236,48.589274475524235
INDIANA,1944,40.1,52.225,16.9,89.6,33.22,-2.8125,0,-6.636193181817724,46.736193181817725
IOWA,1944,52.5,48.05,10.6,84.2,36.66,2.299166666666667,0,4.013063811188886,48.486936188811114
MINNESOTA,1944,43.7,41.525,1.2,78.6,30.02,2.3833333333333333,0,0.9219187062938801,42.77808129370612
MISSOURI,1944,33.5,54.7,19.8,90.4,39.59,-0.3408333333333333,0,0.5373776223777327,32.96262237762227
NEBRASKA,1944,33.3,47.78333333333333,13.8,85.7,27.42,2.4208333333333334,0,5.78265297202806,27.517347027971937
ILLINOIS,1945,46.5,50.675,14.4,85.0,45.89,1.2583333333333335,0,-2.474073426573227,48.97407342657323
INDIANA,1945,53.0,50.675,14.1,84.2,48.79,1.0408333333333333,0,5.92194930069968,47.07805069930032
IOWA,1945,44.5,46.4,8.6,83.4,34.21,2.2083333333333335,0,-4.297298951048788,48.79729895104879
MINNESOTA,1945,39.0,38.93333333333333,-0.1,77.9,26.95,3.0,0,-4.138330419580257,43.13833041958026
MISSOURI,1945,28.5,53.64166666666667,17.5,88.4,51.73,2.7775,0,-4.647482517482388,33.14748251748239
NEBRASKA,1945,29.0,47.666666666666664,9.4,86.7,23.06,2.2383333333333333,0,1.399641608391704,27.600358391608296
ILLINOIS,1946,56.0,53.71666666666667,19.6,87.6,39.43,1.6291666666666669,0,6.641127622377894,49.358872377622106
INDIANA,1946,51.0,53.30833333333334,19.4,86.9,35.96,-0.9,0,3.580091783217199,47.4199082167828
IOWA,1946,57.0,49.30833333333334,11.0,84.7,34.85,1.4825,0,7.892338286713425,49.107661713286575
MINNESOTA,1946,45.5,40.65833333333334,-2.1,80.6,28.14,2.275,0,2.0014204545456096,43.49857954545439
MISSOURI,1946,37.5,56.73333333333333,22.4,91.0,43.28,0.385,0,4.167657342657492,33.33234265734251
NEBRASKA,1946,29.5,50.44166666666666,14.6,89.9,24.75,0.0366666666666666,0,1.8166302447553448,27.683369755244655
ILLINOIS,1947,39.5,51.275,14.2,92.9,37.26,0.145,0,-10.243671328671098,49.7436713286711
INDIANA,1947,43.0,50.61666666666667,13.5,90.1,39.62,-0.1558333333333333,0,-4.761765734265282,47.76176573426528
IOWA,1947,31.0,47.48333333333334,7.1,92.4,34.44,0.08,0,-18.418024475524362,49.41802447552436
MINNESOTA,1947,38.0,39.825,-2.2,84.0,25.38,0.7749999999999999,0,-5.858828671328524,43.858828671328524
MISSOURI,1947,25.0,54.400000000000006,16.8,95.5,40.440000000000005,-0.2591666666666666,0,-8.517202797202685,33.517202797202685
NEBRASKA,1947,20.0,48.30833333333334,11.0,92.7,23.05,1.2566666666666666,0,-7.766381118881014,27.766381118881014
ILLINOIS,1948,61.0,51.675,11.8,86.2,36.73,-0.345,0,10.87152972027991,50.12847027972009
INDIANA,1948,57.0,51.49166666666667,11.1,86.0,42.19,0.1191666666666666,0,8.896376748252123,48.10362325174788
IOWA,1948,60.5,47.75,6.0,86.4,28.52,-1.7525000000000002,0,10.77161276223785,49.72838723776215
MINNESOTA,1948,54.0,40.166666666666664,-8.1,81.5,22.85,-1.1425,0,9.780922202797342,44.21907779720266
MISSOURI,1948,45.0,54.11666666666667,14.4,87.4,39.61,-0.0325,0,11.297937062937194,33.702062937062806
NEBRASKA,1948,35.0,48.25,10.3,87.9,21.35,-0.2024999999999999,0,7.1506075174826265,27.849392482517374
ILLINOIS,1949,54.0,52.75833333333333,20.8,88.0,40.8,0.3883333333333333,0,3.4867307692310305,50.51326923076897
INDIANA,1949,50.0,53.041666666666664,23.8,88.4,45.03,1.6291666666666669,0,1.5545192307696425,48.44548076923036
IOWA,1949,47.0,48.0,7.3,86.9,28.16,-0.7983333333333333,0,-3.0387499999998226,50.03874999999982
MINNESOTA,1949,44.0,40.69166666666667,-5.8,81.6,26.58,-0.9775,0,-0.5793269230767919,44.57932692307679
MISSOURI,1949,39.0,54.64166666666667,20.9,87.7,47.53,1.794166666666667,0,5.113076923077074,33.886923076922926
NEBRASKA,1949,31.1,47.63333333333333,0.5,88.8,25.04,2.3608333333333333,0,3.1675961538462687,27.932403846153733
ILLINOIS,1950,51.0,49.833333333333336,12.7,83.4,41.75,2.6125000000000003,0,0.10193181818203811,50.89806818181796
INDIANA,1950,48.5,49.974999999999994,13.7,82.8,53.84,4.339166666666666,0,-0.28733828671283845,48.78733828671284
IOWA,1950,48.5,44.825,5.2,80.7,29.02,-0.0825,0,-1.8491127622376098,50.34911276223761
MINNESOTA,1950,39.5,36.458333333333336,-13.1,77.4,26.05,0.2991666666666667,0,-5.439576048950926,44.939576048950926
MISSOURI,1950,44.0,52.85833333333333,17.7,83.1,39.62,2.7591666666666668,0,9.928216783216897,34.0717832167831
NEBRASKA,1950,36.0,46.325,2.3,82.5,22.38,1.9325,0,7.98458479020988,28.01541520979012
ILLINOIS,1951,55.0,49.9,17.9,84.6,43.0,2.5558333333333336,0,3.7171328671331594,51.28286713286684
INDIANA,1951,53.0,50.291666666666664,20.2,84.7,42.41,2.8641666666666663,0,3.870804195804567,49.12919580419543
IOWA,1951,43.5,44.31666666666666,6.3,82.1,41.97,3.045833333333333,0,-7.159475524475397,50.6594755244754
MINNESOTA,1951,40.5,37.166666666666664,-7.4,79.1,30.52,1.8908333333333336,0,-4.7998251748250595,45.29982517482506
MISSOURI,1951,34.0,52.725,20.4,86.6,51.23,2.6658333333333335,0,-0.2566433566432238,34.256643356643224
NEBRASKA,1951,28.0,45.5,9.4,83.1,30.12,4.539166666666667,0,-0.09842657342647954,28.09842657342648
ILLINOIS,1952,58.0,52.64166666666667,20.4,89.1,33.53,0.1241666666666666,0,6.332333916084167,51.66766608391583
INDIANA,1952,50.0,52.50833333333333,23.1,89.4,38.5,0.5941666666666666,0,0.528946678322086,49.471053321677914
IOWA,1952,62.5,47.791666666666664,8.5,85.6,29.51,1.7133333333333332,0,11.530161713286816,50.969838286713184
MINNESOTA,1952,52.0,41.15,-5.7,80.5,22.46,0.3799999999999999,0,6.33992569930092,45.66007430069908
MISSOURI,1952,41.0,55.225,24.0,92.7,32.53,-1.2008333333333334,0,6.558496503496599,34.4415034965034
NEBRASKA,1952,38.0,48.625,12.2,89.8,19.24,1.9975,0,9.818562062937161,28.18143793706284
ILLINOIS,1953,54.0,53.708333333333336,22.5,88.6,27.43,-2.6233333333333335,0,1.9475349650351745,52.052465034964825
INDIANA,1953,51.5,53.34166666666667,23.0,87.8,30.84,-2.505,0,1.687089160839605,49.812910839160395
IOWA,1953,53.0,49.10833333333333,12.2,85.6,25.79,-1.1408333333333334,0,1.7197989510490288,51.28020104895097
MINNESOTA,1953,49.5,41.775,1.5,80.1,30.08,1.1108333333333331,0,3.4796765734267865,46.02032342657321
MISSOURI,1953,33.5,56.625,24.5,92.3,25.12,-3.984166666666667,0,-1.1263636363635214,34.62636363636352
NEBRASKA,1953,29.5,50.225,16.9,88.2,20.25,-1.0408333333333333,0,1.235550699300802,28.264449300699198
ILLINOIS,1954,50.5,53.73333333333333,18.8,91.4,35.35,-4.818333333333333,0,-1.9372639860137042,52.437263986013704
INDIANA,1954,55.5,53.14166666666667,21.1,90.0,37.21,-3.1633333333333336,0,5.34523164335701,50.15476835664299
IOWA,1954,54.5,49.25,5.7,88.8,34.18,-0.625,0,2.9094361888113554,51.590563811188645
MINNESOTA,1954,51.5,40.88333333333333,-9.1,81.2,24.72,0.3625,0,5.119427447552653,46.38057255244735
MISSOURI,1954,23.0,57.05,19.3,97.3,35.3,-6.655,0,-11.811223776223642,34.81122377622364
NEBRASKA,1954,29.0,50.76666666666667,9.9,94.2,19.5,-2.2658333333333336,0,0.6525393356644429,28.347460664335557
ILLINOIS,1955,56.0,52.425,18.2,90.8,34.36,-1.94,0,3.1779370629373034,52.8220629370627
INDIANA,1955,56.0,52.13333333333333,18.5,89.9,40.63,0.1483333333333333,0,5.5033741258745295,50.49662587412547
IOWA,1955,48.5,47.916666666666664,8.9,90.4,22.97,-1.9175,0,-3.400926573426432,51.90092657342643
MINNESOTA,1955,50.0,40.041666666666664,-3.8,84.4,24.96,-1.850833333333333,0,3.259178321678519,46.74082167832148
MISSOURI,1955,40.0,54.96666666666667,20.2,91.8,33.47,-3.2783333333333338,0,5.003916083916181,34.99608391608382
NEBRASKA,1955,20.0,48.23333333333333,8.7,93.1,17.14,-4.4925,0,-8.430472027971916,28.430472027971916
ILLINOIS,1956,68.0,52.65,16.9,85.3,30.21,-2.3249999999999997,0,14.793138111888311,53.20686188811169
INDIANA,1956,62.0,52.11666666666667,17.8,84.2,35.21,-0.6974999999999999,0,11.161516608392049,50.83848339160795
IOWA,1956,53.5,48.10833333333334,7.7,86.8,24.28,-6.096666666666667,0,1.288710664335781,52.21128933566422
MINNESOTA,1956,58.5,39.63333333333333,-4.2,80.3,24.03,-1.6266666666666667,0,11.398929195804385,47.101070804195615
MISSOURI,1956,48.0,55.725,17.8,90.6,31.34,-3.731666666666667,0,12.81905594405606,35.18094405594394
NEBRASKA,1956,23.5,49.275000000000006,11.3,88.6,15.84,-6.116666666666667,0,-5.0134833916082755,28.513483391608275
ILLINOIS,1957,64.0,51.825,12.2,87.3,45.29,0.7775,0,10.408339160839432,53.59166083916057
INDIANA,1957,59.0,51.61666666666667,14.0,85.9,48.95,1.0141666666666669,0,7.819659090909454,51.180340909090546
IOWA,1957,62.0,47.541666666666664,3.3,88.4,31.52,-1.795,0,9.478347902097994,52.521652097902006
MINNESOTA,1957,58.0,40.05833333333333,-9.3,83.5,29.31,1.0716666666666663,0,10.538680069930251,47.46131993006975
MISSOURI,1957,44.0,54.525000000000006,16.6,89.9,48.07,1.12,0,8.63419580419594,35.36580419580406
NEBRASKA,1957,46.5,47.958333333333336,4.1,90.5,26.97,0.0316666666666666,0,17.903505244755337,28.596494755244663
ILLINOIS,1958,69.0,50.05,11.7,84.6,35.33,0.1324999999999999,0,15.02354020979044,53.97645979020956
INDIANA,1958,63.0,49.45,13.2,82.9,40.3,1.4075,0,11.477801573426973,51.52219842657303
IOWA,1958,66.0,46.85833333333333,5.2,83.8,25.32,-0.6266666666666666,0,13.167985139860207,52.83201486013979
MINNESOTA,1958,56.0,40.6,-2.4,79.5,20.55,-1.231666666666667,0,8.178430944056117,47.82156905594388
MISSOURI,1958,54.0,53.0,15.0,87.0,43.07,1.465833333333333,0,18.449335664335763,35.55066433566424
NEBRASKA,1958,51.0,47.85,12.4,87.1,23.0,3.063333333333333,0,22.320493881118978,28.679506118881022
ILLINOIS,1959,67.0,51.88333333333333,11.6,87.3,37.81,0.0666666666666666,0,12.638741258741447,54.36125874125855
INDIANA,1959,62.5,51.96666666666667,13.6,87.3,41.29,0.1625,0,10.635944055944492,51.86405594405551
IOWA,1959,65.0,46.89166666666667,3.2,85.8,38.0,1.1466666666666667,0,11.857622377622533,53.14237762237747
MINNESOTA,1959,50.5,40.14166666666667,-8.0,82.0,26.07,-0.2366666666666667,0,2.3181818181819835,48.18181818181802
MISSOURI,1959,53.0,54.28333333333333,15.7,89.4,38.36,-0.1233333333333333,0,17.264475524475642,35.73552447552436
NEBRASKA,1959,48.5,47.975,8.3,89.4,23.36,2.0483333333333333,0,19.73748251748262,28.76251748251738
ILLINOIS,1960,68.0,50.31666666666666,16.1,85.5,34.62,-0.1991666666666666,1,-11.738461538459433,79.73846153845943
INDIANA,1960,68.0,50.05,15.6,84.8,33.5,-0.5158333333333333,1,-8.412307692308786,76.41230769230879
IOWA,1960,63.5,46.09166666666667,9.9,83.8,33.81,2.435,1,-11.167692307690686,74.66769230769069
MINNESOTA,1960,54.0,39.833333333333336,-0.2,81.6,24.1,0.15,1,-4.93384615384457,58.93384615384457
MISSOURI,1960,52.0,53.11666666666667,19.9,88.4,34.92,0.02,1,-8.258461538461006,60.258461538461006
NEBRASKA,1960,51.0,46.95,9.6,87.2,22.85,1.9125,1,-4.155384615383809,55.15538461538381
ILLINOIS,1961,79.0,51.10833333333333,14.3,85.1,43.01,1.18,1,-2.276923076920866,81.27692307692087
INDIANA,1961,74.0,50.81666666666666,14.4,84.2,42.66,1.1141666666666667,1,-3.834615384616427,77.83461538461643
IOWA,1961,75.5,46.68333333333334,7.6,83.3,37.26,1.9983333333333333,1,-0.8753846153826998,76.3753846153827
MINNESOTA,1961,64.5,41.05,-3.4,82.6,23.04,-1.0841666666666667,1,3.6673076923093504,60.83269230769065
MISSOURI,1961,62.0,53.291666666666664,16.3,86.5,47.82,1.885,1,0.7330769230775331,61.26692307692247
NEBRASKA,1961,52.0,47.724999999999994,9.7,87.5,22.31,0.395,1,-5.61076923076871,57.61076923076871
ILLINOIS,1962,85.0,50.89166666666667,11.1,85.4,33.410000000000004,0.2308333333333333,1,2.1846153846177003,82.8153846153823
INDIANA,1962,82.0,50.50833333333333,14.7,84.9,35.52,-0.1024999999999999,1,2.7430769230759324,79.25692307692407
IOWA,1962,77.0,46.46666666666667,2.8,82.8,31.05,1.8333333333333333,1,-1.0830769230751685,78.08307692307517
MINNESOTA,1962,59.5,39.766666666666666,-6.8,78.7,28.21,1.0425,1,-3.2315384615367293,62.73153846153673
MISSOURI,1962,58.0,54.025,13.8,89.8,34.96,-0.1024999999999999,1,-4.275384615384155,62.275384615384155
NEBRASKA,1962,60.5,48.150000000000006,7.1,85.9,26.45,1.6341666666666663,1,0.4338461538463889,60.06615384615361
ILLINOIS,1963,87.0,50.675,7.4,86.3,27.82,-2.83,1,2.646153846156267,84.35384615384373
INDIANA,1963,87.0,49.61666666666667,8.6,84.6,29.11,-1.9983333333333333,1,6.320769230768292,80.67923076923171
IOWA,1963,80.0,47.69166666666666,-0.7,85.2,27.12,-1.235,1,0.2092307692328177,79.79076923076718
MINNESOTA,1963,69.0,41.18333333333333,-9.3,81.6,24.08,-0.5991666666666667,1,4.369615384617191,64.63038461538281
MISSOURI,1963,61.0,54.51666666666667,10.6,88.8,28.99,-2.703333333333333,1,-2.283846153845616,63.283846153845616
NEBRASKA,1963,57.0,50.06666666666667,0.4,90.1,21.21,-0.4216666666666667,1,-5.521538461537602,62.5215384615376
ILLINOIS,1964,80.0,52.48333333333333,20.1,86.9,32.11,-4.184166666666667,1,-5.8923076923056215,85.89230769230562
INDIANA,1964,72.0,51.95,18.7,85.6,36.21,-3.67,1,-10.101538461539803,82.1015384615398
IOWA,1964,77.5,48.525,11.5,87.4,31.25,-0.4741666666666667,1,-3.998461538459651,81.49846153845965
MINNESOTA,1964,58.0,40.858333333333334,-1.8,83.9,26.65,-0.4325,1,-8.529230769229343,66.52923076922934
MISSOURI,1964,53.0,55.11666666666667,22.0,90.0,37.56,-3.2550000000000003,1,-11.292307692307077,64.29230769230708
NEBRASKA,1964,54.0,48.59166666666667,11.7,91.6,19.79,-1.8041666666666665,1,-10.976923076922503,64.9769230769225
ILLINOIS,1965,94.0,51.94166666666666,17.2,84.8,41.809999999999995,0.8450000000000001,1,6.569230769232945,87.43076923076705
INDIANA,1965,94.0,51.55,17.6,83.6,39.92,-2.2375000000000003,1,10.476153846152556,83.52384615384744
IOWA,1965,82.0,46.725,6.6,83.5,40.25,1.9825,1,-1.2061538461521195,83.20615384615212
MINNESOTA,1965,61.0,38.25833333333333,-8.6,78.1,33.24,3.0516666666666663,1,-7.428076923075423,68.42807692307542
MISSOURI,1965,75.0,55.03333333333333,20.6,86.3,43.42,0.4583333333333333,1,9.699230769231235,65.30076923076876
NEBRASKA,1965,70.0,47.791666666666664,10.6,85.5,28.8,0.9633333333333332,1,2.567692307692596,67.4323076923074
ILLINOIS,1966,82.0,50.575,12.1,90.8,34.91,-0.0208333333333333,1,-6.9692307692284885,88.96923076922849
INDIANA,1966,80.0,50.15,13.6,89.5,37.19,-1.2033333333333334,1,-4.9461538461550845,84.94615384615508
IOWA,1966,89.0,46.38333333333333,1.7,87.4,25.32,0.4583333333333333,1,4.086153846155867,84.91384615384413
MINNESOTA,1966,76.0,38.59166666666667,-14.0,83.9,24.67,1.106666666666667,1,5.673076923078497,70.3269230769215
MISSOURI,1966,64.0,53.39166666666667,15.8,92.5,34.65,-0.6124999999999999,1,-2.3092307692302256,66.30923076923023
NEBRASKA,1966,80.0,47.45,5.0,90.6,19.15,1.6224999999999998,1,10.112307692308605,69.8876923076914
ILLINOIS,1967,104.0,50.55833333333334,15.2,83.0,40.55,0.8383333333333333,1,13.492307692310078,90.50769230768992
INDIANA,1967,86.0,50.28333333333333,14.8,82.7,38.88,-0.14,1,-0.368461538462725,86.36846153846273
IOWA,1967,88.5,46.625,8.0,82.5,30.13,-1.2283333333333333,1,1.878461538463398,86.6215384615366
MINNESOTA,1967,72.0,38.9,-9.0,79.2,21.48,-0.5841666666666666,1,-0.22576923076758248,72.22576923076758
MISSOURI,1967,69.0,53.73333333333333,19.7,84.8,42.74,0.4825,1,1.6823076923083136,67.31769230769169
NEBRASKA,1967,74.0,48.025,13.1,84.7,22.2,-0.2133333333333333,1,1.6569230769237038,72.3430769230763
ILLINOIS,1968,90.0,51.11666666666667,15.4,85.1,35.7,-0.2975,1,-2.0461538461513555,92.04615384615136
INDIANA,1968,88.0,50.708333333333336,14.4,85.1,41.66,0.2741666666666666,1,0.20923076922963446,87.79076923077037
IOWA,1968,93.0,47.625,9.3,83.6,32.8,0.3958333333333333,1,4.670769230770929,88.32923076922907
MINNESOTA,1968,82.0,40.575,-2.2,78.5,33.45,0.9,1,7.875384615386338,74.12461538461366
MISSOURI,1968,83.0,53.375,19.0,87.3,41.17,1.37,1,14.673846153846625,68.32615384615337
NEBRASKA,1968,74.0,48.01666666666667,10.0,86.6,22.55,-0.2733333333333332,1,-0.798461538461197,74.7984615384612
ILLINOIS,1969,102.0,50.4,15.1,85.9,40.71,1.0533333333333337,1,8.415384615386756,93.58461538461324
INDIANA,1969,100.0,50.13333333333333,16.1,85.2,40.88,0.4583333333333333,1,10.786923076921994,89.213076923078
IOWA,1969,99.0,46.041666666666664,5.7,83.8,34.77,2.1141666666666667,1,8.963076923078916,90.03692307692108
MINNESOTA,1969,87.0,39.541666666666664,-6.2,82.8,25.69,0.8016666666666667,1,10.976538461540258,76.02346153845974
MISSOURI,1969,68.0,53.44166666666666,19.4,90.2,43.62,2.2708333333333335,1,-1.3346153846148354,69.33461538461484
NEBRASKA,1969,94.0,47.35,7.2,87.2,22.11,0.3583333333333333,1,16.74615384615481,77.25384615384519
ILLINOIS,1970,74.0,51.21666666666667,8.8,86.5,41.76,2.1891666666666665,1,-21.123076923074677,95.12307692307468
INDIANA,1970,76.0,50.975,9.3,84.5,38.32,0.1983333333333333,1,-14.635384615385647,90.63538461538565
IOWA,1970,86.0,46.925,0.1,86.0,33.52,0.2291666666666666,1,-5.744615384613553,91.74461538461355
MINNESOTA,1970,85.0,39.1,-8.9,83.5,27.43,0.4258333333333334,1,7.0776923076941785,77.92230769230582
MISSOURI,1970,61.0,54.075,13.5,89.2,43.8,1.7533333333333332,1,-9.343076923076296,70.3430769230763
NEBRASKA,1970,76.0,48.25,7.7,89.6,19.29,-0.275,1,-3.709230769230089,79.70923076923009
ILLINOIS,1971,106.0,52.21666666666667,12.4,87.5,32.2,-0.7641666666666667,1,9.33846153846389,96.66153846153611
INDIANA,1971,101.0,51.55833333333334,13.4,85.7,37.11,-0.0116666666666666,1,8.942307692306713,92.05769230769329
IOWA,1971,102.0,47.43333333333334,2.9,85.9,29.51,-0.1508333333333333,1,8.547692307694433,93.45230769230557
MINNESOTA,1971,83.0,39.63333333333333,-10.1,79.0,29.07,2.195,1,3.178846153847644,79.82115384615236
MISSOURI,1971,88.0,54.833333333333336,16.9,88.0,33.88,-1.0525,1,16.648461538462016,71.35153846153798
NEBRASKA,1971,85.0,48.025,9.4,87.3,23.66,1.1016666666666668,1,2.83538461538501,82.16461538461499
ILLINOIS,1972,110.0,50.325,14.4,84.4,41.54,0.8441666666666666,1,11.800000000002456,98.19999999999754
INDIANA,1972,104.0,50.21666666666667,16.4,83.6,43.96,0.5325000000000001,1,10.519999999999072,93.48000000000093
IOWA,1972,116.0,45.49166666666667,4.8,81.9,37.05,1.6391666666666669,1,20.840000000001965,95.15999999999804
MINNESOTA,1972,93.0,37.666666666666664,-10.0,77.8,27.71,2.8941666666666666,1,11.280000000001564,81.71999999999844
MISSOURI,1972,91.0,53.74166666666667,18.7,87.0,38.5,-0.6649999999999999,1,18.640000000000555,72.35999999999945
NEBRASKA,1972,104.0,47.208333333333336,8.1,84.1,23.39,0.5833333333333334,1,19.38000000000102,84.61999999999898
ILLINOIS,1973,103.0,53.041666666666664,20.4,86.0,47.61,3.3625000000000003,1,3.2615384615405674,99.73846153845943
INDIANA,1973,102.0,52.916666666666664,21.8,85.3,44.38,2.2983333333333333,1,7.097692307691432,94.90230769230857
IOWA,1973,107.0,48.73333333333333,12.2,83.8,42.92,4.335833333333333,1,10.132307692309496,96.8676923076905
MINNESOTA,1973,93.0,42.266666666666666,2.6,80.3,28.14,2.26,1,9.381153846155485,83.61884615384452
MISSOURI,1973,88.0,55.24166666666667,21.0,88.6,57.14,3.772499999999999,1,14.631538461539094,73.3684615384609
NEBRASKA,1973,94.0,48.65833333333333,12.4,88.6,29.31,3.8341666666666665,1,6.924615384616118,87.07538461538388
ILLINOIS,1974,82.0,51.61666666666667,18.5,88.8,41.66,3.174166666666667,1,-19.276923076920866,101.27692307692087
INDIANA,1974,73.0,51.291666666666664,21.0,86.9,42.1,1.9325,1,-23.324615384616664,96.32461538461666
IOWA,1974,80.0,47.599999999999994,8.4,89.6,31.98,2.9891666666666663,1,-18.575384615382518,98.57538461538252
MINNESOTA,1974,62.0,40.15,-4.9,84.6,23.53,0.535,1,-23.517692307690595,85.5176923076906
MISSOURI,1974,54.0,54.44166666666666,19.9,93.3,42.66,3.1291666666666664,1,-20.376923076922594,74.3769230769226
NEBRASKA,1974,70.0,49.23333333333333,7.8,94.1,15.56,0.1525,1,-19.530769230768783,89.53076923076878
ILLINOIS,1975,116.0,51.99166666666667,21.4,85.2,40.74,1.5433333333333332,1,13.1846153846177,102.8153846153823
INDIANA,1975,98.0,51.99166666666667,23.4,85.1,44.7,2.1408333333333336,1,0.25307692307569596,97.7469230769243
IOWA,1975,90.0,47.39166666666667,10.5,86.4,30.06,-0.0966666666666666,1,-10.283076923074987,100.28307692307499
MINNESOTA,1975,70.0,40.11666666666667,0.4,84.0,27.98,0.54,1,-17.416538461536675,87.41653846153667
MISSOURI,1975,63.0,54.64166666666666,23.3,89.8,41.83,0.8624999999999999,1,-12.385384615384055,75.38538461538405
NEBRASKA,1975,85.0,47.73333333333333,11.2,89.2,20.47,-1.5075,1,-6.986153846152774,91.98615384615277
ILLINOIS,1976,107.0,50.375,12.8,87.3,28.54,-0.9391666666666666,1,2.646153846156267,104.35384615384373
INDIANA,1976,110.0,49.96666666666667,14.2,84.5,32.61,0.115,1,10.830769230768055,99.16923076923194
IOWA,1976,91.0,47.35833333333333,5.6,86.7,23.59,-1.4941666666666666,1,-10.990769230767455,101.99076923076746
MINNESOTA,1976,59.0,40.483333333333334,-5.8,84.1,15.87,-2.8525000000000005,1,-30.315384615382754,89.31538461538275
MISSOURI,1976,61.0,53.625,17.2,89.4,28.56,-1.4666666666666668,1,-15.393846153845516,76.39384615384552
NEBRASKA,1976,85.0,48.958333333333336,11.6,88.6,17.24,-1.785,1,-9.441538461537675,94.44153846153768
ILLINOIS,1977,105.0,51.50833333333333,0.9,88.9,41.8,-0.7408333333333333,1,-0.8923076923051667,105.89230769230517
INDIANA,1977,102.0,51.041666666666664,0.7,88.1,42.36,-0.0941666666666666,1,1.4084615384604149,100.59153846153959
IOWA,1977,86.0,48.35833333333333,-4.4,88.7,36.59,-2.0483333333333333,1,-17.69846153845947,103.69846153845947
MINNESOTA,1977,100.0,41.2,-13.2,82.2,33.93,-3.0483333333333333,1,8.785769230771166,91.21423076922883
MISSOURI,1977,76.0,54.85,5.4,90.4,44.31,-0.5758333333333333,1,-1.402307692307204,77.4023076923072
NEBRASKA,1977,99.0,49.80833333333334,3.3,89.2,28.9,0.8708333333333332,1,2.103076923077424,96.89692307692258
ILLINOIS,1978,111.0,49.56666666666666,7.4,85.5,35.72,-0.0741666666666666,1,3.569230769232945,107.43076923076705
INDIANA,1978,108.0,49.05,4.4,84.4,39.29,1.4008333333333332,1,5.986153846152774,102.01384615384723
IOWA,1978,115.0,45.31666666666667,-1.4,83.1,34.14,2.2675,1,9.593846153848062,105.40615384615194
MINNESOTA,1978,104.0,39.041666666666664,-8.9,79.0,25.93,2.3975,1,10.886923076925086,93.11307692307491
MISSOURI,1978,87.0,52.60833333333333,10.6,90.0,40.35,0.9983333333333334,1,8.589230769231335,78.41076923076866
NEBRASKA,1978,113.0,46.11666666666667,1.4,88.1,22.33,1.8758333333333337,1,13.647692307693433,99.35230769230657
ILLINOIS,1979,127.0,49.36666666666667,4.4,84.2,38.63,0.4875,1,18.03076923077151,108.96923076922849
INDIANA,1979,112.0,49.24166666666667,7.6,82.2,46.9,2.5116666666666667,1,8.563846153845134,103.43615384615487
IOWA,1979,127.0,45.13333333333333,-3.9,82.9,34.34,2.775,1,19.886153846155594,107.1138461538444
MINNESOTA,1979,100.0,37.8,-13.8,79.9,28.39,3.0666666666666664,1,4.988076923078552,95.01192307692145
MISSOURI,1979,103.0,52.05,6.9,86.2,40.33,0.7741666666666666,1,23.580769230769874,79.41923076923013
NEBRASKA,1979,115.0,46.51666666666667,-2.0,84.5,25.49,2.615,1,13.192307692308532,101.80769230769147
ILLINOIS,1980,93.0,51.3,14.4,90.3,33.65,-0.8675,1,-17.507692307689922,110.50769230768992
INDIANA,1980,96.0,50.51666666666667,13.9,88.4,36.0,1.7,1,-8.858461538462507,104.8584615384625
IOWA,1980,110.0,48.00833333333333,10.3,88.8,29.09,-0.1866666666666666,1,1.17846153846358,108.82153846153642
MINNESOTA,1980,97.0,40.708333333333336,-1.0,83.3,22.07,-1.1541666666666666,1,0.08923076923247208,96.91076923076753
MISSOURI,1980,53.0,54.975,18.3,98.0,28.84,-2.3225,1,-27.427692307691814,80.42769230769181
NEBRASKA,1980,85.0,49.48333333333333,12.3,93.1,17.169999999999998,-0.1583333333333334,1,-19.26307692307637,104.26307692307637
ILLINOIS,1981,126.0,51.75,16.0,84.3,41.69,1.5483333333333331,1,13.953846153848644,112.04615384615136
INDIANA,1981,108.0,50.791666666666664,14.2,84.1,41.21,1.0766666666666669,1,1.7192307692298527,106.28076923077015
IOWA,1981,125.0,48.96666666666667,11.4,83.0,31.99,0.4166666666666667,1,14.470769230771111,110.52923076922889
MINNESOTA,1981,110.0,42.55,1.5,80.3,28.05,0.1083333333333333,1,11.190384615386392,98.80961538461361
MISSOURI,1981,107.0,54.89166666666667,19.6,87.6,44.21,0.0866666666666666,1,25.563846153846725,81.43615384615327
NEBRASKA,1981,115.0,50.46666666666667,15.6,86.0,24.16,-1.340833333333333,1,8.28153846153964,106.71846153846036
ILLINOIS,1982,131.0,50.68333333333334,7.2,85.4,46.58,3.065,1,17.415384615386756,113.58461538461324
INDIANA,1982,126.0,50.7,8.5,85.0,44.88,1.95,1,18.296923076922212,107.70307692307779
IOWA,1982,120.0,46.075,-2.8,84.8,41.44,3.1341666666666668,1,7.7630769230790975,112.2369230769209
MINNESOTA,1982,113.0,39.025,-16.0,81.0,29.82,2.43,1,12.291538461540313,100.70846153845969
MISSOURI,1982,101.0,53.51666666666667,11.8,88.7,50.82,2.8958333333333335,1,18.555384615385265,82.44461538461474
NEBRASKA,1982,110.0,47.03333333333333,3.0,88.0,27.51,1.745,1,0.8261538461547389,109.17384615384526
ILLINOIS,1983,79.0,51.99166666666667,10.3,91.3,41.29,2.578333333333333,1,-36.12307692307468,115.12307692307468
INDIANA,1983,73.0,51.80833333333334,13.5,89.8,40.71,-0.1924999999999999,1,-36.12538461538543,109.12538461538543
IOWA,1983,87.0,47.65,-0.1,90.4,36.51,3.73,1,-26.94461538461337,113.94461538461337
MINNESOTA,1983,84.0,41.38333333333333,-9.9,84.3,29.13,3.0549999999999997,1,-18.607307692305767,102.60730769230577
MISSOURI,1983,51.0,53.96666666666667,10.6,95.4,41.18,1.42,1,-32.453076923076424,83.45307692307642
NEBRASKA,1983,97.0,47.90833333333333,-1.0,92.2,25.11,4.600833333333333,1,-14.629230769230162,111.62923076923016
ILLINOIS,1984,114.0,51.8,13.8,87.0,41.31,1.0108333333333337,1,-2.661538461536111,116.66153846153611
INDIANA,1984,117.0,51.26666666666667,12.8,85.3,40.59,0.3966666666666666,1,6.452307692306476,110.54769230769352
IOWA,1984,112.0,47.76666666666667,8.9,86.0,36.91,2.9149999999999996,1,-3.6523076923058397,115.65230769230584
MINNESOTA,1984,107.0,41.30833333333333,-1.8,82.2,28.01,2.400833333333334,1,2.4938461538481533,104.50615384615185
MISSOURI,1984,80.0,54.39166666666667,16.8,90.3,46.3,1.0125,1,-4.461538461537884,84.46153846153788
NEBRASKA,1984,116.0,48.24166666666667,13.0,89.2,25.84,4.179166666666666,1,1.9153846153858467,114.08461538461415
ILLINOIS,1985,135.0,50.63333333333333,9.3,85.5,45.63,2.145,2,20.728571428568102,114.2714285714319
INDIANA,1985,123.0,51.01666666666667,12.5,84.9,45.45,0.3075,2,9.257142857143208,113.74285714285679
IOWA,1985,126.0,45.900000000000006,0.9,84.9,31.15,0.6341666666666667,2,16.11428571428314,109.88571428571686
MINNESOTA,1985,115.0,38.7,-7.0,80.1,30.69,3.09,2,11.399999999995998,103.600000000004
MISSOURI,1985,110.0,53.00833333333333,12.0,89.1,51.76,3.3716666666666666,2,11.214285714284415,98.78571428571558
NEBRASKA,1985,128.0,46.75833333333333,8.4,88.3,22.45,2.1341666666666668,2,7.285714285710128,120.71428571428987
ILLINOIS,1986,135.0,52.833333333333336,18.2,87.8,37.45,1.6041666666666667,2,18.504511278191785,116.49548872180821
INDIANA,1986,122.0,52.400000000000006,19.0,86.6,39.66,0.3991666666666666,2,6.524812030075736,115.47518796992426
IOWA,1986,135.0,48.55,12.1,85.5,39.9,2.1125,2,22.475939849621682,112.52406015037832
MINNESOTA,1986,122.0,41.49166666666667,2.2,80.2,31.43,3.8341666666666665,2,15.889473684206678,106.11052631579332
MISSOURI,1986,116.0,55.925,21.8,91.7,42.43,2.033333333333333,2,15.670676691728204,100.3293233082718
NEBRASKA,1986,128.0,50.25,16.0,88.5,26.8,2.5241666666666664,2,6.055639097739913,121.94436090226009
ILLINOIS,1987,132.0,54.09166666666667,19.4,88.0,34.68,-1.4016666666666666,2,13.280451127816377,118.71954887218362
INDIANA,1987,135.0,53.224999999999994,20.2,85.5,34.87,-1.4666666666666668,2,17.792481203008265,117.20751879699174
IOWA,1987,130.0,51.18333333333333,15.8,87.2,32.84,0.2933333333333333,2,14.837593984960222,115.16240601503978
MINNESOTA,1987,127.0,45.26666666666667,6.9,82.6,22.09,-1.8091666666666668,2,18.378947368417357,108.62105263158264
MISSOURI,1987,113.0,56.333333333333336,22.0,89.2,40.29,-0.2075,2,11.127067669171538,101.87293233082846
NEBRASKA,1987,131.0,50.78333333333333,16.9,89.4,25.37,3.595833333333333,2,7.825563909770153,123.17443609022985
ILLINOIS,1988,73.0,52.10833333333333,14.5,90.2,29.33,-2.0925,2,-47.94360902255994,120.94360902255994
INDIANA,1988,83.0,51.28333333333333,15.3,89.0,34.25,-1.5991666666666668,2,-35.93984962405966,118.93984962405966
IOWA,1988,84.0,48.7,5.6,88.5,21.48,-2.8266666666666667,2,-33.80075187970124,117.80075187970124
MINNESOTA,1988,74.0,41.55,-6.2,86.3,22.41,-4.803333333333334,2,-37.13157894737196,111.13157894737196
MISSOURI,1988,76.0,54.56666666666666,17.7,90.7,34.21,-0.745,2,-27.416541353384673,103.41654135338467
NEBRASKA,1988,124.0,49.59166666666667,6.0,89.4,20.12,-0.6625,2,-0.40451127819960675,124.4045112781996
ILLINOIS,1989,123.0,50.4,8.4,85.8,32.39,-1.86,2,-0.1676691729353479,123.16766917293535
INDIANA,1989,133.0,50.18333333333334,9.3,84.4,43.42,1.715,2,12.327819548872867,120.67218045112713
IOWA,1989,118.0,46.6,3.9,86.2,24.69,-4.743333333333333,2,-2.439097744362698,120.4390977443627
MINNESOTA,1989,125.0,39.1,-8.3,84.1,22.47,-3.2841666666666662,2,11.357894736838716,113.64210526316128
MISSOURI,1989,96.0,53.03333333333333,11.1,86.5,33.32,-0.1408333333333333,2,-8.960150375940884,104.96015037594088
NEBRASKA,1989,121.0,47.98333333333333,6.0,88.4,16.71,-3.3375,2,-4.6345864661698215,125.63458646616982
ILLINOIS,1990,127.0,53.55833333333334,21.4,84.4,49.94,1.9141666666666663,2,1.6082706766883348,125.39172932331167
INDIANA,1990,129.0,53.291666666666664,24.1,83.1,53.54,3.310833333333333,2,6.5954887218053955,122.4045112781946
IOWA,1990,126.0,49.458333333333336,10.6,82.0,38.9,1.0608333333333333,2,2.922556390975842,123.07744360902416
MINNESOTA,1990,124.0,42.458333333333336,1.1,79.2,26.36,-0.8141666666666666,2,7.847368421049396,116.1526315789506
MISSOURI,1990,105.0,56.2,22.7,87.1,50.45,1.840833333333333,2,-1.5037593984975501,106.50375939849755
NEBRASKA,1990,128.0,49.99166666666667,9.3,85.8,21.5,-3.3358333333333334,2,1.1353383458604185,126.86466165413958
ILLINOIS,1991,107.0,53.73333333333333,16.3,87.6,36.12,-1.0799999999999998,2,-20.615789473687073,127.61578947368707
INDIANA,1991,92.0,53.708333333333336,19.6,87.2,36.31,-1.4125,2,-32.13684210526253,124.13684210526253
IOWA,1991,117.0,48.583333333333336,4.0,84.7,37.74,1.88,2,-8.715789473685618,125.71578947368562
MINNESOTA,1991,120.0,41.74166666666667,-4.9,80.8,32.2,1.5166666666666666,2,1.3368421052600752,118.66315789473992
MISSOURI,1991,97.0,56.06666666666666,18.8,90.2,39.12,-0.3783333333333333,2,-11.047368421053761,108.04736842105376
NEBRASKA,1991,127.0,50.11666666666667,8.6,88.0,22.03,-2.161666666666666,2,-1.0947368421093415,128.09473684210934
ILLINOIS,1992,149.0,51.88333333333333,23.2,82.6,35.81,0.0841666666666667,2,19.16015037593661,129.8398496240634
INDIANA,1992,147.0,51.28333333333333,23.3,81.8,40.34,0.2158333333333333,2,21.130827067669998,125.86917293233
IOWA,1992,147.0,47.84166666666667,16.4,79.8,36.21,1.8775,2,18.645864661652922,128.35413533834708
MINNESOTA,1992,114.0,40.891666666666666,5.3,73.5,25.47,2.3733333333333335,2,-7.173684210529245,121.17368421052925
MISSOURI,1992,135.0,54.51666666666667,25.4,85.8,41.75,0.5258333333333334,2,25.409022556390028,109.59097744360997
NEBRASKA,1992,135.0,48.925,12.6,79.7,25.59,1.455,2,5.6751879699208985,129.3248120300791
ILLINOIS,1993,130.0,50.85833333333333,18.8,85.5,51.17,3.7625,2,-2.063909774438798,132.0639097744388
INDIANA,1993,132.0,50.775000000000006,17.5,85.6,48.59,3.091666666666667,2,4.398496240602526,127.60150375939747
IOWA,1993,80.0,45.666666666666664,9.1,80.9,47.87,6.080000000000001,2,-50.99248120300945,130.99248120300945
MINNESOTA,1993,70.0,38.925,-2.5,77.0,31.44,3.9058333333333337,2,-53.684210526318566,123.68421052631857
MISSOURI,1993,90.0,52.975,21.1,87.9,56.61,4.4591666666666665,2,-21.13458646616664,111.13458646616664
NEBRASKA,1993,104.0,45.99166666666667,8.7,82.1,31.87,5.7508333333333335,2,-26.554887218049316,130.55488721804932
ILLINOIS,1994,156.0,51.98333333333333,12.2,85.3,35.49,-0.3491666666666666,2,21.712030075184884,134.28796992481512
INDIANA,1994,144.0,51.49166666666667,12.4,84.5,35.56,-0.7791666666666667,2,14.6661654135346,129.3338345864654
IOWA,1994,152.0,47.458333333333336,1.4,81.4,29.54,3.143333333333333,2,18.369172932329093,133.6308270676709
MINNESOTA,1994,142.0,40.925,-12.2,77.0,28.23,3.3083333333333336,2,15.805263157892114,126.19473684210789
MISSOURI,1994,118.0,54.68333333333334,18.0,86.4,42.08,3.5083333333333333,2,5.321804511277151,112.67819548872285
NEBRASKA,1994,139.0,49.225,9.7,85.1,21.9,4.774166666666667,2,7.215037593980924,131.78496240601908
ILLINOIS,1995,113.0,51.59166666666667,18.9,89.0,38.91,-0.1624999999999999,2,-23.512030075190523,136.51203007519052
INDIANA,1995,113.0,51.49166666666667,18.3,88.0,38.26,-0.7366666666666667,2,-18.06616541353287,131.06616541353287
IOWA,1995,123.0,47.25833333333333,11.0,86.3,32.25,0.3858333333333332,2,-13.269172932332367,136.26917293233237
MINNESOTA,1995,119.0,40.3,1.7,80.2,29.51,2.6733333333333333,2,-9.705263157898116,128.70526315789812
MISSOURI,1995,102.0,54.18333333333333,20.8,91.0,42.05,1.1375,2,-12.22180451127906,114.22180451127906
NEBRASKA,1995,111.0,48.55833333333334,13.8,89.3,25.18,3.985833333333334,2,-22.015037593988836,133.01503759398884
ILLINOIS,1996,136.0,50.125,15.6,84.4,38.82,0.6316666666666667,2,-2.7360902255668407,138.73609022556684
INDIANA,1996,123.0,50.05,16.7,83.7,47.67,1.5558333333333334,2,-9.798496240600343,132.79849624060034
IOWA,1996,138.0,45.166666666666664,6.2,81.2,33.64,0.6749999999999999,2,-0.907518796993827,138.90751879699383
MINNESOTA,1996,125.0,37.61666666666667,-10.2,79.3,27.77,2.625,2,-6.215789473687437,131.21578947368744
MISSOURI,1996,134.0,52.94166666666666,17.6,85.4,43.68,0.8441666666666667,2,18.23458646616473,115.76541353383527
NEBRASKA,1996,143.0,46.60833333333333,7.1,84.1,25.48,2.4949999999999997,2,8.754887218040949,134.24511278195905
ILLINOIS,1997,129.0,50.958333333333336,12.2,86.2,35.1,-0.1741666666666667,2,-11.960150375942249,140.96015037594225
INDIANA,1997,122.0,50.5,14.6,84.9,39.8,1.8191666666666664,2,-12.53082706766827,134.53082706766827
IOWA,1997,138.0,47.1,5.2,83.7,29.21,0.3991666666666666,2,-3.545864661655287,141.5458646616553
MINNESOTA,1997,132.0,40.56666666666667,-4.7,79.4,25.2,2.5083333333333333,2,-1.7263157894767573,133.72631578947676
MISSOURI,1997,115.0,53.68333333333334,16.0,89.1,39.81,1.7575,2,-2.3090225563919375,117.30902255639194
NEBRASKA,1997,132.0,48.625,9.5,87.1,22.14,2.545833333333333,2,-3.475187969928811,135.4751879699288
ILLINOIS,1998,141.0,55.21666666666667,25.3,85.0,44.48,1.3975,2,-2.184210526318566,143.18421052631857
INDIANA,1998,137.0,54.94166666666666,27.5,84.2,44.88,0.3416666666666666,2,0.7368421052642589,136.26315789473574
IOWA,1998,145.0,50.916666666666664,16.8,83.9,39.57,1.795,2,0.8157894736832532,144.18421052631675
MINNESOTA,1998,153.0,44.90833333333333,6.6,80.3,28.83,0.9916666666666668,2,16.763157894733922,136.23684210526608
MISSOURI,1998,114.0,57.166666666666664,26.5,87.4,49.87,2.1275,2,-4.852631578948149,118.85263157894815
NEBRASKA,1998,145.0,50.6,15.8,86.7,25.93,3.2275000000000005,2,8.294736842101429,136.70526315789857
ILLINOIS,1999,140.0,53.53333333333333,16.8,89.2,35.71,0.0824999999999999,2,-5.408270676693974,145.40827067669397
INDIANA,1999,132.0,53.208333333333336,18.0,88.7,35.04,-1.36,2,-5.995488721803213,137.9954887218032
IOWA,1999,149.0,49.65833333333333,9.1,87.2,32.28,0.9216666666666664,2,2.1774436090217932,146.8225563909782
MINNESOTA,1999,150.0,43.69166666666666,-1.2,82.4,29.67,2.500833333333333,2,11.252631578944602,138.7473684210554
MISSOURI,1999,97.0,56.36666666666667,22.1,90.9,36.85,0.3391666666666666,2,-23.39624060150436,120.39624060150436
NEBRASKA,1999,139.0,50.975,15.1,88.7,22.84,2.200833333333333,2,1.0646616541312142,137.9353383458688
ILLINOIS,2000,151.0,52.2,9.3,85.0,39.77,-0.01,2,3.367669172929709,147.6323308270703
INDIANA,2000,146.0,51.55833333333334,10.8,82.5,43.4,-0.1991666666666666,2,6.272180451128861,139.72781954887114
IOWA,2000,144.0,48.63333333333333,1.4,83.0,29.729999999999997,-1.0633333333333332,2,-5.460902255640576,149.46090225564058
MINNESOTA,2000,145.0,41.81666666666667,-6.4,79.4,27.98,1.7125,2,3.742105263155281,141.25789473684472
MISSOURI,2000,143.0,55.15,12.1,90.9,35.7,-1.5741666666666667,2,21.060150375938974,121.93984962406103
NEBRASKA,2000,126.0,49.925,8.7,90.2,20.36,-1.405,2,-13.165413533838546,139.16541353383855
ILLINOIS,2001,152.0,53.35833333333333,18.0,86.6,39.65,0.6658333333333334,2,2.143609022554301,149.8563909774457
INDIANA,2001,156.0,53.15833333333333,19.3,84.8,43.96,0.8383333333333333,2,14.53984962406139,141.4601503759386
IOWA,2001,146.0,49.05833333333334,9.2,85.4,34.59,0.2066666666666666,2,-6.099248120302036,152.09924812030204
MINNESOTA,2001,130.0,43.05,-4.4,81.9,29.28,0.8975,2,-13.76842105263404,143.76842105263404
MISSOURI,2001,133.0,55.80833333333334,20.3,88.8,43.61,0.6166666666666667,2,9.516541353382763,123.48345864661724
NEBRASKA,2001,147.0,50.333333333333336,12.8,89.2,24.48,0.6183333333333333,2,6.604511278191694,140.3954887218083
ILLINOIS,2002,135.0,53.24166666666667,23.5,89.1,39.06,0.35,2,-17.080451127822016,152.08045112782202
INDIANA,2002,121.0,53.11666666666667,24.3,88.3,42.19,0.6225,2,-22.192481203006082,143.19248120300608
IOWA,2002,163.0,49.166666666666664,18.4,87.4,29.48,-0.2575,2,8.262406015036504,154.7375939849635
MINNESOTA,2002,157.0,42.041666666666664,9.3,83.3,28.59,0.5491666666666667,2,10.72105263157664,146.27894736842336
MISSOURI,2002,105.0,55.31666666666666,24.3,90.0,40.21,-0.0766666666666666,2,-20.027067669173448,125.02706766917345
NEBRASKA,2002,128.0,50.00833333333333,16.9,92.6,15.65,-2.78,2,-13.625563909778066,141.62556390977807
ILLINOIS,2003,164.0,51.708333333333336,14.3,86.5,37.77,-0.1133333333333333,2,9.695488721802576,154.30451127819742
INDIANA,2003,146.0,51.06666666666666,13.5,84.4,46.4,1.2208333333333332,2,1.0751879699259916,144.924812030074
IOWA,2003,157.0,47.90833333333333,9.4,86.4,28.69,-0.4266666666666667,2,-0.37593984962495597,157.37593984962496
MINNESOTA,2003,146.0,41.516666666666666,-1.3,82.5,22.2,-0.8333333333333334,2,-2.7894736842126804,148.78947368421268
MISSOURI,2003,108.0,54.5,17.6,90.8,40.03,-0.4225,2,-18.570676691730114,126.57067669173011
NEBRASKA,2003,146.0,49.78333333333333,13.6,90.7,19.98,-3.0025,2,3.1443609022517194,142.85563909774828
ILLINOIS,2004,180.0,52.583333333333336,16.6,82.6,39.97,0.7949999999999999,2,23.47142857142626,156.52857142857374
INDIANA,2004,168.0,52.21666666666667,16.6,81.8,43.4,2.6283333333333334,2,21.34285714285852,146.65714285714148
IOWA,2004,181.0,48.50833333333333,8.7,80.5,35.41,1.086666666666667,2,20.985714285713584,160.01428571428642
MINNESOTA,2004,159.0,41.3,-4.3,77.8,29.87,0.4816666666666666,2,7.699999999997999,151.300000000002
MISSOURI,2004,162.0,54.96666666666667,20.4,83.9,44.53,1.5025000000000002,2,33.885714285713675,128.11428571428632
NEBRASKA,2004,166.0,49.80833333333334,12.4,84.2,22.92,-1.7891666666666666,2,21.91428571428196,144.08571428571804
ILLINOIS,2005,143.0,53.7,19.1,87.6,31.43,-1.8908333333333331,3,-7.485714285717222,150.48571428571722
INDIANA,2005,154.0,52.85,20.0,85.8,40.89,-0.4749999999999999,3,9.528571428572832,144.47142857142717
IOWA,2005,173.0,49.61666666666667,11.6,86.0,29.84,-0.3566666666666666,3,11.742857142860885,161.25714285713912
MINNESOTA,2005,174.0,43.06666666666666,-1.8,81.9,31.6,2.7158333333333338,3,13.9428571428557,160.0571428571443
MISSOURI,2005,111.0,56.23333333333333,22.3,89.9,36.4,-0.6925,3,-11.214285714289872,122.21428571428987
NEBRASKA,2005,154.0,50.7,13.4,89.9,23.57,-0.2749999999999999,3,-2.5428571428519717,156.54285714285197
ILLINOIS,2006,163.0,54.0,20.7,87.6,40.63,-0.3266666666666666,3,9.275939849620954,153.72406015037905
INDIANA,2006,157.0,53.425,22.4,85.4,51.02,1.7533333333333332,3,9.857142857144936,147.14285714285506
IOWA,2006,166.0,50.39166666666667,14.1,87.3,32.4,-0.6975000000000001,3,2.4436090225608496,163.55639097743915
MINNESOTA,2006,161.0,44.38333333333333,1.9,85.9,22.78,-0.6458333333333334,3,-0.5353383458659664,161.53533834586597
MISSOURI,2006,138.0,56.75,22.3,90.4,38.01,-1.8716666666666668,3,13.303007518793493,124.69699248120651
NEBRASKA,2006,152.0,51.09166666666667,15.1,91.5,21.56,-1.005,3,-6.227819548867046,158.22781954886705
ILLINOIS,2007,175.0,53.675,13.5,89.4,36.68,-0.5466666666666667,3,18.03759398496004,156.96240601503996
INDIANA,2007,154.0,53.28333333333333,11.7,88.6,41.79,-0.1724999999999999,3,4.185714285716131,149.81428571428387
IOWA,2007,171.0,48.89166666666667,7.7,85.1,42.4,2.3958333333333335,3,5.144360902259905,165.8556390977401
MINNESOTA,2007,146.0,42.4,-1.6,82.6,29.21,-0.9391666666666666,3,-17.013533834587633,163.01353383458763
MISSOURI,2007,140.0,56.18333333333334,19.8,93.3,39.58,-0.3441666666666667,3,12.820300751875948,127.17969924812405
NEBRASKA,2007,160.0,49.958333333333336,11.4,88.8,28.64,2.3025,3,0.08721804511787923,159.91278195488212
ILLINOIS,2008,179.0,50.916666666666664,17.0,84.9,50.17,2.985,3,18.799248120298216,160.20075187970178
INDIANA,2008,160.0,51.041666666666664,18.6,84.0,49.69,2.6141666666666667,3,7.514285714287325,152.48571428571267
IOWA,2008,171.0,45.916666666666664,7.6,83.6,42.91,4.785,3,2.84511278195896,168.15488721804104
MINNESOTA,2008,162.0,39.416666666666664,-3.4,80.1,27.34,1.465833333333333,3,-2.4917293233093005,164.4917293233093
MISSOURI,2008,144.0,53.43333333333334,20.0,86.8,56.1,3.7258333333333336,3,14.337593984958403,129.6624060150416
NEBRASKA,2008,163.0,47.69166666666666,9.5,88.3,28.09,3.56,3,1.4022556391032595,161.59774436089674
ILLINOIS,2009,174.0,51.425,11.9,83.2,50.96,4.7058333333333335,3,10.560902255636393,163.4390977443636
INDIANA,2009,171.0,51.28333333333333,13.0,82.0,46.06,2.0533333333333332,3,15.84285714285943,155.15714285714057
IOWA,2009,181.0,46.7,3.2,79.2,39.15,4.4225,3,10.545864661658925,170.45413533834108
MINNESOTA,2009,174.0,40.10833333333333,-9.2,75.1,26.38,0.6158333333333333,3,8.030075187968578,165.96992481203142
MISSOURI,2009,153.0,53.974999999999994,17.3,85.1,51.71,4.215,3,20.854887218040858,132.14511278195914
NEBRASKA,2009,179.0,47.6,9.1,82.6,25.7,5.16,3,15.717293233088185,163.28270676691182
ILLINOIS,2010,157.0,52.89166666666667,14.8,87.9,40.68,3.775,3,-9.677443609024522,166.67744360902452
INDIANA,2010,157.0,52.6,17.2,87.2,37.39,-0.7341666666666667,3,-0.8285714285693757,157.82857142856938
IOWA,2010,165.0,48.19166666666666,6.9,84.8,44.05,5.265833333333333,3,-7.75338345864202,172.75338345864202
MINNESOTA,2010,177.0,42.84166666666667,0.5,81.3,33.44,1.8541666666666667,3,9.55187969924691,167.4481203007531
MISSOURI,2010,123.0,55.208333333333336,17.8,90.8,44.57,3.897499999999999,3,-11.627819548875777,134.62781954887578
NEBRASKA,2010,166.0,49.34166666666667,12.8,88.0,27.06,6.088333333333334,3,1.0323308270731104,164.9676691729269
ILLINOIS,2011,157.0,53.15,15.2,90.2,46.1,1.275,3,-12.915789473686345,169.91578947368635
INDIANA,2011,146.0,53.06666666666666,16.4,89.6,55.19,2.1716666666666664,3,-14.499999999997272,160.49999999999727
IOWA,2011,172.0,48.40833333333333,6.6,87.7,31.83,1.5175,3,-3.0526315789429646,175.05263157894296
MINNESOTA,2011,155.0,42.025,-3.8,83.6,24.35,1.6958333333333335,3,-13.926315789474756,168.92631578947476
MISSOURI,2011,114.0,55.64166666666667,17.2,93.5,45.7,0.6016666666666667,3,-23.110526315793322,137.11052631579332
NEBRASKA,2011,160.0,48.78333333333333,9.7,89.5,25.81,3.018333333333333,3,-6.652631578941964,166.65263157894196
ILLINOIS,2012,105.0,55.775,22.7,94.4,30.11,-2.3525,3,-68.15413533834817,173.15413533834817
INDIANA,2012,99.0,55.13333333333333,23.7,92.8,33.82,-0.6741666666666667,3,-64.17142857142608,163.17142857142608
IOWA,2012,137.0,52.06666666666666,16.7,92.0,25.6,-2.9058333333333333,3,-40.351879699243,177.351879699243
MINNESOTA,2012,165.0,45.208333333333336,8.6,86.0,26.17,-3.255833333333334,3,-5.4045112781964235,170.40451127819642
MISSOURI,2012,75.0,58.55,25.0,97.0,31.03,-2.6374999999999997,3,-64.59323308271087,139.59323308271087
NEBRASKA,2012,142.0,52.708333333333336,15.4,95.2,13.36,-3.4825,3,-26.33759398495704,168.33759398495704
ILLINOIS,2013,178.0,51.083333333333336,17.4,83.8,42.49,0.425,3,1.607518796990007,176.39248120301
INDIANA,2013,177.0,51.208333333333336,21.1,82.6,45.14,0.5908333333333333,3,11.157142857145118,165.84285714285488
IOWA,2013,164.0,46.65833333333333,8.1,83.4,34.44,-1.205833333333333,3,-15.651127819543944,179.65112781954394
MINNESOTA,2013,159.0,39.325,-4.3,79.9,29.01,0.1241666666666666,3,-12.88270676691809,171.8827067669181
MISSOURI,2013,136.0,53.60833333333333,20.3,85.8,45.71,1.0116666666666667,3,-6.0759398496275026,142.0759398496275
NEBRASKA,2013,169.0,48.458333333333336,10.4,85.8,23.44,-3.4691666666666667,3,-1.0225563909716584,170.02255639097166
ILLINOIS,2014,200.0,49.48333333333333,9.2,83.3,41.29,1.0941666666666665,3,20.369172932329093,179.6308270676709
INDIANA,2014,188.0,49.40833333333333,9.6,82.6,43.57,1.8166666666666669,3,19.485714285717222,168.51428571428278
IOWA,2014,178.0,45.458333333333336,2.8,80.3,38.69,1.1825,3,-3.950375939844889,181.9503759398449
MINNESOTA,2014,156.0,38.641666666666666,-9.0,77.4,29.12,0.4599999999999999,3,-17.360902255639758,173.36090225563976
MISSOURI,2014,186.0,52.875,13.8,87.2,39.31,0.4416666666666666,3,41.44135338345495,144.55864661654505
NEBRASKA,2014,179.0,48.01666666666667,9.9,84.5,24.98,0.49,3,7.292481203013267,171.70751879698673
ILLINOIS,2015,175.0,52.86666666666667,9.8,83.6,48.8,2.7325,3,-7.869172932332731,182.86917293233273
INDIANA,2015,150.0,52.30833333333334,9.4,82.7,47.510000000000005,2.6766666666666663,3,-21.185714285711583,171.18571428571158
IOWA,2015,192.0,49.26666666666667,4.7,82.0,42.51,3.153333333333333,3,7.750375939855076,184.24962406014492
MINNESOTA,2015,188.0,43.49166666666667,-4.8,80.5,29.46,0.26,3,13.160902255638575,174.83909774436142
MISSOURI,2015,142.0,55.84166666666667,15.7,86.6,55.52,2.4341666666666666,3,-5.041353383462592,147.0413533834626
NEBRASKA,2015,185.0,50.8,13.5,86.1,28.06,2.611666666666667,3,11.607518796998193,173.3924812030018
ILLINOIS,2016,197.0,54.73333333333333,19.0,86.2,39.74,2.7566666666666664,3,10.892481203005445,186.10751879699455
INDIANA,2016,173.0,54.225,19.3,85.0,43.379999999999995,2.3358333333333334,3,-0.8571428571403885,173.8571428571404
IOWA,2016,203.0,50.71666666666667,12.4,84.8,38.1,4.156666666666667,3,16.45112781955413,186.54887218044587
MINNESOTA,2016,193.0,44.56666666666666,4.9,79.8,33.54,3.000833333333333,3,16.68270676691691,176.3172932330831
MISSOURI,2016,163.0,57.44166666666666,21.7,88.2,39.44,1.9391666666666667,3,13.475939849620772,149.52406015037923
NEBRASKA,2016,178.0,51.65,12.0,87.4,25.31,3.7466666666666666,3,2.922556390983118,175.07744360901688
ILLINOIS,2017,201.0,54.39166666666667,20.8,86.8,37.8,0.4524999999999999,3,11.654135338344531,189.34586466165547
INDIANA,2017,180.0,53.975,21.1,84.5,45.61,2.1758333333333333,3,3.4714285714317157,176.52857142856828
IOWA,2017,202.0,50.0,15.1,85.8,32.35,2.515,3,13.151879699253186,188.8481203007468
MINNESOTA,2017,194.0,42.63333333333333,5.2,80.9,28.3,3.4258333333333333,3,16.20451127819524,177.79548872180476
MISSOURI,2017,170.0,57.15,24.4,89.6,41.45,0.1966666666666666,3,17.993233082703227,152.00676691729677
NEBRASKA,2017,181.0,50.666666666666664,15.2,90.4,25.34,1.774166666666667,3,4.2375939849680435,176.76240601503196
ILLINOIS,2018,210.0,52.475,14.6,85.3,45.79,1.600833333333333,3,17.415789473682707,192.5842105263173
INDIANA,2018,189.0,52.59166666666667,15.7,84.8,50.03,2.9133333333333336,3,9.80000000000291,179.1999999999971
IOWA,2018,196.0,47.49166666666667,8.7,83.8,45.08,2.5225,3,4.852631578953151,191.14736842104685
MINNESOTA,2018,182.0,40.59166666666667,-3.1,80.6,30.08,2.799166666666667,3,2.726315789473574,179.27368421052643
MISSOURI,2018,140.0,55.2,17.6,89.6,43.0,-0.5525,3,-14.489473684214317,154.48947368421432
NEBRASKA,2018,192.0,48.25833333333333,10.2,85.2,29.22,2.6983333333333337,3,13.552631578952969,178.44736842104703
ILLINOIS,2019,181.0,52.1,17.5,87.5,49.86,4.340833333333333,3,-14.822556390979116,195.82255639097912
INDIANA,2019,169.0,52.4,19.0,86.8,49.52,4.164166666666667,3,-12.871428571424985,181.87142857142499
IOWA,2019,198.0,46.81666666666666,6.2,85.2,41.63,5.1258333333333335,3,4.553383458652206,193.4466165413478
MINNESOTA,2019,174.0,39.3,-4.7,81.1,35.65,4.882499999999999,3,-6.751879699248093,180.7518796992481
MISSOURI,2019,155.0,54.975,22.9,87.7,53.82,3.474166666666666,3,-1.9721804511309529,156.97218045113095
NEBRASKA,2019,182.0,47.49166666666667,7.0,86.5,31.37,6.766666666666667,3,1.8676691729383492,180.13233082706165
ILLINOIS,2020,191.0,53.30833333333333,24.0,87.2,41.93,3.580833333333333,3,-8.06090225564094,199.06090225564094
INDIANA,2020,187.0,53.291666666666664,25.0,87.1,42.4,1.2241666666666666,3,2.4571428571462093,184.5428571428538
IOWA,2020,177.0,49.15,15.5,85.9,29.28,0.525,3,-18.74586466164874,195.74586466164874
MINNESOTA,2020,191.0,42.40833333333333,2.2,82.6,24.39,0.355,3,8.769924812029785,182.23007518797021
MISSOURI,2020,170.0,55.75833333333333,25.5,89.2,46.34,3.7533333333333334,3,10.545112781951502,159.4548872180485
NEBRASKA,2020,180.0,50.55,17.4,88.0,18.24,2.8516666666666666,3,-1.8172932330767253,181.81729323307673
ILLINOIS,2021,202.0,53.76666666666666,12.8,86.0,41.01,1.71,3,-0.2992481203018542,202.29924812030185
INDIANA,2021,195.0,53.5,15.8,85.5,45.45,0.88,3,7.785714285717404,187.2142857142826
IOWA,2021,204.0,50.0,4.5,85.7,30.84,-0.8916666666666666,3,5.954887218051226,198.04511278194877
MINNESOTA,2021,177.0,44.3,-2.7,83.4,23.57,-1.8458333333333332,3,-6.708270676691882,183.70827067669188
MISSOURI,2021,159.0,56.3,15.7,88.0,44.01,2.231666666666667,3,-2.9375939849660426,161.93759398496604
NEBRASKA,2021,194.0,51.041666666666664,6.5,88.0,22.6,-0.8191666666666667,3,10.4977443609082,183.5022556390918
ILLINOIS,2022,214.0,52.05833333333333,12.6,85.8,37.25,0.4391666666666666,3,8.462406015036322,205.53759398496368
INDIANA,2022,190.0,52.175,14.9,85.5,38.18,0.3008333333333333,3,0.11428571428950818,189.8857142857105
IOWA,2022,200.0,47.50833333333333,3.4,84.9,27.32,-0.7833333333333333,3,-0.3443609022497185,200.34436090224972
MINNESOTA,2022,195.0,40.0,-8.2,80.6,26.83,-0.395,3,9.813533834586451,185.18646616541355
MISSOURI,2022,161.0,55.025,17.4,91.1,40.26,0.1125,3,-3.420300751882678,164.42030075188268
NEBRASKA,2022,165.0,49.650000000000006,11.8,89.8,15.62,-4.155,3,-20.187218045106874,185.18721804510687
ILLINOIS,2023,206.0,54.74166666666667,25.9,86.0,34.65,-0.9925,3,-2.7759398496255017,208.7759398496255
INDIANA,2023,203.0,54.325,27.3,85.0,37.05,-0.8283333333333333,3,10.442857142860703,192.5571428571393
IOWA,2023,201.0,50.51666666666667,15.6,83.8,26.93,-1.5408333333333333,3,-1.6436090225506632,202.64360902255066
MINNESOTA,2023,185.0,43.75833333333333,2.7,81.0,24.16,-1.538333333333333,3,-1.664661654135216,186.66466165413522
MISSOURI,2023,153.0,57.4,28.2,89.2,35.8,-1.24,3,-13.903007518800223,166.90300751880022
NEBRASKA,2023,182.0,50.43333333333334,15.6,87.0,24.81,-1.7808333333333335,3,-4.872180451121949,186.87218045112195
ILLINOIS,2024,217.0,55.5,20.7,85.4,40.87,-0.5825,3,4.985714285712675,212.01428571428733
INDIANA,2024,198.0,55.2,21.8,84.3,42.89,-1.4683333333333335,3,2.771428571432807,195.2285714285672
IOWA,2024,211.0,51.53333333333333,14.3,83.0,37.05,-0.5583333333333333,3,6.057142857149302,204.9428571428507
MINNESOTA,2024,174.0,45.53333333333333,9.6,80.4,29.59,-0.5408333333333333,3,-14.142857142856883,188.14285714285688
MISSOURI,2024,183.0,57.96666666666667,20.1,86.6,43.94,-0.3258333333333333,3,13.614285714282232,169.38571428571777
NEBRASKA,2024,188.0,51.96666666666667,11.0,86.7,22.4,-0.3216666666666666,3,-0.5571428571365686,188.55714285713657
