STATE,YEAR,GRAIN,TEMP_MEAN,TEMP_MIN,TEMP_MAX,PCP_SUM,PDSI_MEAN
ILLINOIS,1895,41.0,49.708333333333336,7.4,86.5,31.15,-1.6875
INDIANA,1895,36.0,49.9,8.5,87.3,30.5,-2.6675
IOWA,1895,39.0,46.10833333333333,0.1,85.1,26.33,-0.8958333333333334
MINNESOTA,1895,30.5,38.608333333333334,-11.2,78.9,22.67,-0.1841666666666666
MISSOURI,1895,37.0,52.925,12.2,86.7,41.35,0.5575
NEBRASKA,1895,16.5,46.675,4.7,85.3,18.95,0.5866666666666667
ILLINOIS,1896,42.0,52.2,20.8,85.8,35.95,0.3408333333333333
INDIANA,1896,39.5,51.9,20.1,85.1,40.86,0.215
IOWA,1896,43.0,47.4,11.8,84.4,36.78,1.0825
MINNESOTA,1896,30.5,38.725,-2.1,80.1,30.84,1.4683333333333335
MISSOURI,1896,29.5,55.38333333333333,22.9,88.8,40.77,1.895
NEBRASKA,1896,37.5,47.85833333333333,12.9,86.0,25.49,1.6916666666666669
ILLINOIS,1897,34.0,51.4,15.7,87.6,35.71,-0.3191666666666666
INDIANA,1897,30.5,51.24166666666667,15.4,87.4,39.3,0.5275
IOWA,1897,33.5,46.56666666666666,6.4,87.1,26.23,-0.4466666666666666
MINNESOTA,1897,28.0,38.575,-7.3,81.5,27.3,1.3325
MISSOURI,1897,26.0,54.725,18.7,90.4,41.03,0.15
NEBRASKA,1897,30.0,47.583333333333336,9.6,89.1,22.74,2.668333333333333
ILLINOIS,1898,31.0,51.3,16.9,86.8,46.79,2.3041666666666667
INDIANA,1898,38.5,51.85833333333333,18.7,87.8,45.52,1.4708333333333332
IOWA,1898,36.0,46.708333333333336,7.4,85.9,30.09,-2.0475
MINNESOTA,1898,30.5,39.59166666666667,-2.7,80.6,23.91,-0.4116666666666666
MISSOURI,1898,30.0,54.125,18.3,86.7,54.57,2.9408333333333334
NEBRASKA,1898,21.0,47.11666666666667,9.5,87.4,20.0,0.7566666666666667
ILLINOIS,1899,38.8,50.81666666666666,8.6,87.8,32.56,-0.38
INDIANA,1899,39.8,51.35,11.3,87.3,34.51,-1.2308333333333332
IOWA,1899,39.1,46.45,0.4,85.4,28.45,-0.6308333333333334
MINNESOTA,1899,32.8,38.333333333333336,-10.0,81.1,29.48,2.0633333333333335
MISSOURI,1899,28.1,53.56666666666667,9.0,90.7,37.89,1.3108333333333333
NEBRASKA,1899,28.8,46.35833333333333,-1.8,86.4,19.23,-0.9858333333333332
ILLINOIS,1900,40.0,52.09166666666667,12.4,90.6,35.29,-1.4141666666666666
INDIANA,1900,41.5,52.36666666666667,14.9,89.0,36.62,-2.111666666666667
IOWA,1900,45.0,48.40833333333333,2.7,88.4,35.44,-0.0591666666666666
MINNESOTA,1900,33.0,41.21666666666667,-9.4,82.9,27.65,1.1841666666666666
MISSOURI,1900,29.5,55.175,15.1,92.3,39.49,-0.2041666666666667
NEBRASKA,1900,26.0,49.791666666666664,7.6,89.4,22.45,-1.5158333333333334
ILLINOIS,1901,24.0,50.78333333333333,11.7,95.7,25.52,-2.8575
INDIANA,1901,22.0,50.43333333333334,12.5,93.7,30.57,-3.026666666666667
IOWA,1901,28.5,47.94166666666666,5.8,96.3,24.5,-1.4175000000000002
MINNESOTA,1901,27.0,40.108333333333334,-4.4,84.0,24.49,0.0316666666666666
MISSOURI,1901,10.0,54.95,18.0,99.9,25.6,-2.813333333333333
NEBRASKA,1901,14.0,48.65,7.9,96.4,22.45,-1.5975
ILLINOIS,1902,41.0,50.625,9.1,86.5,42.79,-0.4841666666666667
INDIANA,1902,39.0,51.00833333333333,10.0,86.7,40.9,-0.7475
IOWA,1902,38.0,46.59166666666667,6.0,83.2,43.78,1.2283333333333335
MINNESOTA,1902,23.0,40.09166666666667,0.3,80.4,27.17,0.6475
MISSOURI,1902,39.0,53.56666666666666,13.4,87.6,45.58,-0.88
NEBRASKA,1902,32.5,47.34166666666667,10.0,84.3,27.77,0.9066666666666668
ILLINOIS,1903,35.5,50.15833333333333,13.0,87.0,34.64,2.005
INDIANA,1903,35.0,50.25,13.0,86.6,37.11,0.0891666666666666
IOWA,1903,32.5,46.24166666666667,7.3,83.6,35.43,4.165
MINNESOTA,1903,27.5,38.016666666666666,-4.9,77.4,31.14,3.3708333333333336
MISSOURI,1903,29.5,52.975,18.8,88.1,41.36,2.6341666666666668
NEBRASKA,1903,27.5,46.791666666666664,7.2,84.6,25.68,4.2683333333333335
ILLINOIS,1904,39.0,48.85,9.8,83.8,37.18,1.115
INDIANA,1904,33.0,48.65833333333333,10.0,84.0,38.0,-0.2933333333333333
IOWA,1904,39.0,45.26666666666667,2.8,81.4,27.94,0.8083333333333335
MINNESOTA,1904,25.5,37.3,-12.9,76.0,24.91,3.2175
MISSOURI,1904,26.0,52.71666666666667,16.1,84.8,40.95,1.7958333333333334
NEBRASKA,1904,33.0,47.80833333333334,9.0,83.8,22.49,3.2358333333333333
ILLINOIS,1905,42.0,50.3,7.6,85.6,37.04,0.1458333333333333
INDIANA,1905,42.0,50.25833333333333,8.9,84.4,42.03,0.285
IOWA,1905,41.5,46.25,-0.4,85.1,36.11,0.9833333333333334
MINNESOTA,1905,34.0,39.09166666666667,-10.2,78.6,32.32,3.7925
MISSOURI,1905,34.0,52.85,10.1,87.2,47.11,0.8641666666666667
NEBRASKA,1905,34.0,46.73333333333333,2.4,87.0,30.57,5.1066666666666665
ILLINOIS,1906,39.0,51.40833333333333,17.0,87.1,36.83,0.1241666666666666
INDIANA,1906,41.0,51.375,15.4,86.3,39.23,0.2391666666666666
IOWA,1906,45.5,47.46666666666667,11.1,84.7,31.49,0.4116666666666666
MINNESOTA,1906,34.0,39.90833333333333,-2.5,78.8,29.53,3.7883333333333336
MISSOURI,1906,32.5,53.75,20.6,86.7,40.03,2.2516666666666665
NEBRASKA,1906,34.0,47.71666666666667,14.1,84.8,26.18,5.339166666666667
ILLINOIS,1907,39.0,50.46666666666667,19.2,86.0,40.76,1.9975
INDIANA,1907,36.5,49.75,18.1,84.7,44.31,2.124166666666667
IOWA,1907,35.0,46.39166666666667,8.9,84.2,31.6,1.1900000000000002
MINNESOTA,1907,27.0,37.49166666666667,-11.3,78.9,22.72,2.9600000000000004
MISSOURI,1907,31.0,54.225,22.6,88.7,40.4,1.7566666666666666
NEBRASKA,1907,24.0,47.525,8.6,86.6,19.98,4.0125
ILLINOIS,1908,35.0,52.291666666666664,18.8,86.2,35.44,0.2308333333333333
INDIANA,1908,30.5,52.125,18.5,86.8,33.36,-0.4108333333333333
IOWA,1908,38.0,48.333333333333336,12.5,84.2,34.74,2.1141666666666667
MINNESOTA,1908,29.0,41.13333333333333,1.8,80.1,27.95,2.27
MISSOURI,1908,27.0,55.28333333333333,21.6,87.3,43.03,1.0041666666666669
NEBRASKA,1908,27.0,48.84166666666667,15.6,84.7,26.05,3.046666666666667
ILLINOIS,1909,38.8,50.9,12.3,89.0,43.17,0.9725
INDIANA,1909,39.9,50.60833333333333,13.7,85.9,47.58,1.4391666666666667
IOWA,1909,37.1,46.3,5.9,87.6,39.67,2.7449999999999997
MINNESOTA,1909,33.9,38.7,-3.5,80.5,28.67,1.4766666666666666
MISSOURI,1909,26.9,54.583333333333336,15.0,92.4,45.4,0.6891666666666666
NEBRASKA,1909,24.8,46.86666666666667,3.8,89.8,25.41,4.110833333333333
ILLINOIS,1910,41.0,50.84166666666667,14.4,87.0,31.86,-0.7741666666666666
INDIANA,1910,39.0,50.15,15.1,85.3,37.61,0.3433333333333333
IOWA,1910,41.5,47.59166666666667,5.6,87.8,20.21,-2.4683333333333333
MINNESOTA,1910,32.0,40.78333333333334,-6.9,83.3,15.08,-2.893333333333333
MISSOURI,1910,33.0,54.09166666666667,16.9,87.8,37.25,0.2933333333333333
NEBRASKA,1910,26.0,49.3,9.8,89.5,16.87,-0.9333333333333332
ILLINOIS,1911,36.0,52.708333333333336,19.7,88.7,38.64,-0.1575
INDIANA,1911,34.5,52.291666666666664,21.6,87.5,39.71,-0.0025
IOWA,1911,35.5,48.4,7.9,89.0,31.63,-2.8966666666666665
MINNESOTA,1911,33.0,39.6,-9.8,81.3,27.56,-3.659166666666667
MISSOURI,1911,26.0,56.083333333333336,23.6,92.0,37.68,-0.5541666666666666
NEBRASKA,1911,21.5,48.625,12.5,89.7,21.28,-1.2375
ILLINOIS,1912,40.0,49.36666666666667,4.6,86.2,34.96,1.1025
INDIANA,1912,39.5,49.0,6.8,84.2,40.129999999999995,1.9125
IOWA,1912,46.0,45.208333333333336,-6.7,86.3,28.41,-0.1733333333333333
MINNESOTA,1912,34.0,38.00833333333333,-19.8,78.9,22.25,-0.2541666666666666
MISSOURI,1912,32.0,52.44166666666666,8.5,89.8,39.01,0.2333333333333333
NEBRASKA,1912,27.0,46.0,1.6,87.0,21.69,1.4366666666666663
ILLINOIS,1913,28.0,52.75833333333333,15.6,90.5,35.22,-1.1125
INDIANA,1913,35.5,52.475,15.4,89.4,43.24,-0.3899999999999999
IOWA,1913,37.5,48.63333333333333,7.3,89.0,30.07,-0.9516666666666668
MINNESOTA,1913,38.0,40.025,-7.3,79.7,25.81,0.1541666666666666
MISSOURI,1913,17.5,55.49166666666667,18.4,97.0,37.5,-1.1516666666666666
NEBRASKA,1913,15.0,48.15,6.2,93.0,21.16,-0.3208333333333333
ILLINOIS,1914,31.0,51.958333333333336,11.0,92.2,28.23,-3.639166666666666
INDIANA,1914,33.0,51.21666666666667,10.3,90.7,31.23,-3.1625
IOWA,1914,40.5,48.18333333333334,5.1,88.9,31.65,-1.2775
MINNESOTA,1914,35.0,39.88333333333333,-12.0,83.7,27.48,0.5958333333333333
MISSOURI,1914,22.0,55.0,16.3,92.4,34.08,-1.7141666666666666
NEBRASKA,1914,24.5,48.85,4.3,90.0,20.13,-0.6958333333333333
ILLINOIS,1915,38.0,50.89166666666667,13.4,82.3,41.8,0.4541666666666666
INDIANA,1915,38.5,50.666666666666664,14.5,82.5,41.11,-0.0191666666666667
IOWA,1915,32.5,46.708333333333336,6.9,79.0,38.98,2.9066666666666663
MINNESOTA,1915,23.0,40.19166666666667,-4.2,75.9,27.98,1.2025
MISSOURI,1915,29.5,53.875,17.9,84.8,49.28,2.0116666666666667
NEBRASKA,1915,31.0,46.35,7.3,80.1,35.5,4.755
ILLINOIS,1916,31.0,51.13333333333333,16.6,93.8,36.97,-0.4975
INDIANA,1916,32.5,51.09166666666667,17.0,91.3,40.06,-0.335
IOWA,1916,38.0,46.3,6.5,92.3,28.5,-0.4758333333333333
MINNESOTA,1916,33.0,37.15833333333333,-10.6,85.8,28.23,2.9
MISSOURI,1916,19.5,54.325,19.2,94.5,39.54,-0.4233333333333333
NEBRASKA,1916,27.0,46.666666666666664,3.0,93.0,19.03,4.615
ILLINOIS,1917,40.0,48.34166666666667,11.9,86.5,31.95,-0.4749999999999999
INDIANA,1917,35.5,48.06666666666666,11.4,84.2,36.58,-0.1716666666666666
IOWA,1917,38.5,43.958333333333336,1.8,86.0,27.62,-0.8591666666666665
MINNESOTA,1917,27.0,35.675000000000004,-12.4,81.6,19.98,-0.4141666666666665
MISSOURI,1917,33.5,51.825,13.7,89.6,32.65,-1.8258333333333336
NEBRASKA,1917,27.0,45.89166666666667,7.3,90.9,20.63,0.8133333333333334
ILLINOIS,1918,36.5,51.26666666666667,1.6,89.8,38.04,0.1116666666666666
INDIANA,1918,35.0,51.1,1.3,89.0,39.98,-0.5391666666666667
IOWA,1918,37.0,48.125,-2.6,87.4,32.54,-0.5025000000000001
MINNESOTA,1918,37.0,40.11666666666667,-11.8,79.1,24.1,-2.02
MISSOURI,1918,20.0,54.708333333333336,4.9,94.0,37.42,-2.595833333333333
NEBRASKA,1918,18.0,48.48333333333333,0.7,88.3,22.79,-0.8816666666666667
ILLINOIS,1919,36.0,52.09166666666667,14.2,91.1,37.23,-0.0608333333333333
INDIANA,1919,35.6,52.291666666666664,15.4,90.8,38.82,-0.32
IOWA,1919,41.6,47.51666666666667,5.0,89.4,36.4,1.5108333333333333
MINNESOTA,1919,35.5,39.225,-3.8,82.2,27.31,1.4691666666666665
MISSOURI,1919,26.5,54.666666666666664,18.3,91.6,40.58,-0.1708333333333333
NEBRASKA,1919,24.0,47.19166666666666,8.0,90.7,24.46,1.915
ILLINOIS,1920,35.0,50.80833333333333,12.2,86.4,32.58,-0.8608333333333333
INDIANA,1920,39.5,50.375,12.2,84.5,36.11,-0.5191666666666667
IOWA,1920,46.0,47.05833333333334,5.7,83.4,31.06,0.2625
MINNESOTA,1920,33.5,39.675,-8.6,79.3,25.45,0.8891666666666667
MISSOURI,1920,31.5,53.724999999999994,18.0,88.3,37.69,0.1291666666666666
NEBRASKA,1920,33.2,47.583333333333336,14.4,87.7,24.9,3.6841666666666666
ILLINOIS,1921,35.0,55.0,24.6,92.5,40.74,-1.2208333333333334
INDIANA,1921,36.0,54.93333333333334,24.2,92.5,44.73,-0.265
IOWA,1921,43.0,51.03333333333333,16.4,89.6,32.0,-0.4916666666666667
MINNESOTA,1921,38.5,42.45,5.2,85.4,23.01,-2.0766666666666667
MISSOURI,1921,30.5,57.56666666666666,26.1,92.0,44.34,0.495
NEBRASKA,1921,27.0,50.93333333333334,15.7,89.0,20.29,-0.3091666666666666
ILLINOIS,1922,35.5,52.975,14.0,86.8,34.0,-0.8975
INDIANA,1922,36.0,52.85833333333333,14.8,85.8,38.12,-0.4816666666666667
IOWA,1922,45.0,48.975,7.3,85.0,29.57,-0.4025
MINNESOTA,1922,29.5,40.891666666666666,-6.3,81.9,23.12,-3.1025000000000005
MISSOURI,1922,28.5,55.666666666666664,17.8,89.1,39.28,-0.6425
NEBRASKA,1922,24.0,48.61666666666667,6.6,89.7,20.6,-1.2933333333333332
ILLINOIS,1923,37.5,51.68333333333334,15.8,88.7,37.66,-1.2066666666666668
INDIANA,1923,38.0,51.35833333333333,16.1,86.8,42.38,0.385
IOWA,1923,40.5,47.86666666666667,7.4,88.2,29.63,-0.7583333333333333
MINNESOTA,1923,35.0,40.35,-8.0,83.7,20.21,-3.2841666666666662
MISSOURI,1923,30.0,54.666666666666664,19.5,89.2,41.14,0.4624999999999999
NEBRASKA,1923,32.0,48.125,8.9,88.0,28.09,2.0166666666666666
ILLINOIS,1924,33.0,49.23333333333333,10.2,84.5,35.79,0.3408333333333333
INDIANA,1924,28.0,48.95,12.0,84.4,37.34,0.39
IOWA,1924,28.0,45.075,1.4,81.6,31.0,0.3941666666666666
MINNESOTA,1924,26.5,37.675,-11.2,78.3,24.540000000000003,-1.6933333333333334
MISSOURI,1924,23.5,52.349999999999994,13.4,87.8,40.08,0.5058333333333332
NEBRASKA,1924,21.5,45.81666666666666,2.8,85.8,20.35,3.1999999999999997
ILLINOIS,1925,41.0,51.775,15.4,86.9,32.1,-0.8708333333333332
INDIANA,1925,42.0,51.59166666666667,16.3,86.1,34.54,-1.3191666666666666
IOWA,1925,43.9,47.51666666666667,7.5,86.3,27.93,-0.2724999999999999
MINNESOTA,1925,36.0,39.791666666666664,-3.9,81.3,23.58,-0.0175
MISSOURI,1925,27.5,55.041666666666664,18.6,89.4,39.18,-0.0666666666666666
NEBRASKA,1925,25.0,48.73333333333333,6.8,89.1,20.73,-0.2541666666666667
ILLINOIS,1926,36.0,50.36666666666667,18.8,88.3,42.81,1.330833333333333
INDIANA,1926,38.0,50.01666666666667,18.3,87.7,43.23,1.1116666666666666
IOWA,1926,39.0,47.06666666666666,11.1,86.0,32.33,0.6116666666666667
MINNESOTA,1926,34.0,38.791666666666664,-1.2,81.4,24.88,0.1425
MISSOURI,1926,26.0,53.791666666666664,21.8,90.2,42.88,0.6191666666666666
NEBRASKA,1926,15.5,48.90833333333333,13.2,88.4,20.57,-0.4533333333333333
ILLINOIS,1927,32.0,51.98333333333333,16.4,85.7,49.21,4.0625
INDIANA,1927,31.5,51.95,17.9,85.5,48.67,3.16
IOWA,1927,35.0,47.6,6.7,85.6,29.29,0.0691666666666666
MINNESOTA,1927,31.0,38.55833333333333,-7.9,77.3,24.36,0.7441666666666666
MISSOURI,1927,27.0,54.958333333333336,18.2,86.9,55.01,4.284166666666667
NEBRASKA,1927,32.1,47.6,4.3,86.7,23.71,1.4725
ILLINOIS,1928,38.0,51.40833333333333,18.8,86.6,36.98,2.775833333333334
INDIANA,1928,35.2,50.55833333333334,18.4,85.4,35.980000000000004,1.7891666666666668
IOWA,1928,41.5,48.2,13.8,84.9,35.46,0.6416666666666666
MINNESOTA,1928,35.0,40.516666666666666,0.7,79.3,25.94,1.01
MISSOURI,1928,27.5,54.39166666666667,21.8,87.7,45.04,3.375833333333333
NEBRASKA,1928,22.0,48.53333333333333,14.8,87.0,21.86,-0.2191666666666667
ILLINOIS,1929,35.5,49.9,9.7,86.5,41.71,2.8266666666666667
INDIANA,1929,31.3,49.90833333333333,13.0,86.2,46.39,1.8583333333333336
IOWA,1929,40.2,45.2,-2.0,84.9,29.45,0.5866666666666667
MINNESOTA,1929,36.5,37.541666666666664,-16.0,82.6,20.52,-0.8033333333333333
MISSOURI,1929,23.2,52.81666666666666,13.2,88.5,45.92,3.418333333333333
NEBRASKA,1929,25.2,46.291666666666664,3.3,88.9,22.6,0.895
ILLINOIS,1930,27.0,52.55,10.0,92.1,27.55,-2.1483333333333334
INDIANA,1930,28.0,52.03333333333333,14.5,91.1,29.55,-2.3233333333333333
IOWA,1930,34.0,48.958333333333336,-1.3,91.0,26.09,-1.3558333333333332
MINNESOTA,1930,33.0,41.19166666666667,-11.7,83.9,22.32,-2.3225
MISSOURI,1930,16.0,55.15,10.1,94.9,31.25,-1.9783333333333335
NEBRASKA,1930,25.0,48.81666666666666,-2.0,93.1,25.48,1.2558333333333334
ILLINOIS,1931,37.0,54.88333333333333,23.1,91.2,37.39,-4.820833333333334
INDIANA,1931,39.0,54.208333333333336,23.1,90.5,37.99,-3.35
IOWA,1931,32.9,52.01666666666667,17.1,89.9,34.59,-2.0733333333333333
MINNESOTA,1931,25.0,45.03333333333333,8.5,84.2,22.95,-3.5841666666666665
MISSOURI,1931,26.0,57.21666666666667,24.3,92.3,40.59,-1.7825
NEBRASKA,1931,17.0,51.325,17.4,91.6,18.99,-0.3033333333333333
ILLINOIS,1932,43.0,52.05,19.5,89.2,35.83,-0.7975
INDIANA,1932,37.5,51.85833333333333,20.7,88.2,42.11,0.07
IOWA,1932,43.0,47.025,11.0,87.6,31.67,2.035833333333333
MINNESOTA,1932,37.5,39.56666666666667,0.1,82.6,22.06,-2.42
MISSOURI,1932,28.0,54.875,20.8,91.0,36.92,-0.285
NEBRASKA,1932,25.0,47.73333333333333,7.6,90.8,20.57,-0.2658333333333333
ILLINOIS,1933,27.5,53.6,17.3,91.4,34.66,-0.8125
INDIANA,1933,29.5,53.208333333333336,19.3,90.6,40.09,-0.2424999999999999
IOWA,1933,40.0,49.51666666666667,9.2,91.6,24.5,-1.4083333333333332
MINNESOTA,1933,31.0,40.416666666666664,-4.8,85.7,20.94,-3.4066666666666667
MISSOURI,1933,24.0,56.51666666666667,19.7,91.3,36.64,-0.7683333333333332
NEBRASKA,1933,22.5,50.63333333333333,7.9,92.3,20.13,-2.1683333333333334
ILLINOIS,1934,22.1,53.21666666666667,14.8,94.2,32.769999999999996,-3.6075
INDIANA,1934,27.6,52.366666666666674,12.4,92.9,29.67,-4.4375
IOWA,1934,28.2,50.19166666666666,11.8,92.3,26.73,-5.156666666666667
MINNESOTA,1934,24.6,41.358333333333334,0.3,83.4,20.46,-6.2425
MISSOURI,1934,9.3,56.63333333333333,19.8,100.3,34.45,-2.6991666666666667
NEBRASKA,1934,6.2,52.00833333333333,15.0,97.7,14.5,-5.595833333333334
ILLINOIS,1935,38.5,51.25833333333333,16.9,89.4,41.29,0.6108333333333333
INDIANA,1935,38.0,51.05833333333334,16.4,88.3,38.73,-2.3766666666666665
IOWA,1935,38.0,47.38333333333333,9.7,90.5,32.519999999999996,0.345
MINNESOTA,1935,34.5,39.391666666666666,-7.7,85.5,25.93,-0.1524999999999999
MISSOURI,1935,19.0,54.208333333333336,20.7,91.6,47.83,0.7366666666666667
NEBRASKA,1935,13.5,48.725,12.6,94.3,22.46,-3.59
ILLINOIS,1936,24.0,51.85833333333333,7.3,97.3,30.0,-1.2716666666666667
INDIANA,1936,25.6,51.48333333333333,10.1,94.9,33.44,-1.85
IOWA,1936,20.0,47.26666666666667,-5.7,98.4,25.54,-2.2041666666666666
MINNESOTA,1936,22.0,37.858333333333334,-18.4,90.6,18.630000000000003,-2.2408333333333332
MISSOURI,1936,10.5,55.35833333333333,10.7,99.2,28.99,-1.5083333333333335
NEBRASKA,1936,5.5,48.40833333333333,-5.0,99.3,14.3,-4.100833333333333
ILLINOIS,1937,48.0,50.55,17.3,89.0,36.59,0.3566666666666666
INDIANA,1937,45.0,50.416666666666664,20.6,87.2,45.18,1.895
IOWA,1937,45.0,46.291666666666664,0.2,89.1,27.49,-2.3233333333333333
MINNESOTA,1937,37.5,38.358333333333334,-15.2,84.0,26.12,-3.481666666666667
MISSOURI,1937,27.5,53.40833333333333,17.7,91.8,36.2,-0.6924999999999999
NEBRASKA,1937,12.0,47.64166666666667,-3.8,93.5,17.87,-5.493333333333333
ILLINOIS,1938,44.0,54.075,18.5,87.8,40.57,0.3958333333333333
INDIANA,1938,41.0,53.458333333333336,19.1,86.8,40.7,0.8166666666666668
IOWA,1938,46.0,50.01666666666667,9.8,88.3,36.32,-0.075
MINNESOTA,1938,36.5,41.55833333333333,-3.4,82.8,27.27,-1.3183333333333334
MISSOURI,1938,26.0,57.26666666666667,21.4,92.8,41.04,-0.1308333333333333
NEBRASKA,1938,15.5,50.775000000000006,14.2,91.4,22.3,-4.150833333333334
ILLINOIS,1939,51.0,53.25,18.5,87.3,35.78,-0.25
INDIANA,1939,50.0,52.74166666666667,20.3,86.0,38.23,-0.535
IOWA,1939,52.2,49.875,6.8,88.1,24.5,-1.3108333333333333
MINNESOTA,1939,47.0,41.4,-9.9,83.2,21.75,-2.22
MISSOURI,1939,30.3,56.35,20.0,91.5,37.83,-0.1541666666666666
NEBRASKA,1939,14.2,50.90833333333333,6.3,94.5,16.490000000000002,-4.553333333333334
ILLINOIS,1940,43.0,50.50833333333333,4.8,89.1,28.85,-3.595833333333333
INDIANA,1940,37.0,50.00833333333333,5.5,88.0,32.35,-3.443333333333334
IOWA,1940,52.5,46.61666666666667,-2.3,89.2,30.5,-3.3608333333333333
MINNESOTA,1940,41.0,39.725,-7.1,83.1,25.1,-2.8708333333333336
MISSOURI,1940,31.0,52.90833333333333,4.2,89.7,32.6,-2.635
NEBRASKA,1940,20.5,48.56666666666666,-0.4,93.5,17.37,-5.53
ILLINOIS,1941,53.0,53.43333333333334,17.9,88.3,39.79,-1.8433333333333335
INDIANA,1941,45.0,52.85833333333334,17.6,88.0,31.99,-3.4133333333333336
IOWA,1941,51.0,49.78333333333333,11.4,87.0,36.15,-0.2108333333333333
MINNESOTA,1941,45.0,42.333333333333336,-0.1,82.6,29.17,1.0141666666666669
MISSOURI,1941,29.5,56.15833333333333,22.0,91.3,43.17,-1.163333333333333
NEBRASKA,1941,24.0,49.65833333333333,15.2,88.7,24.67,-1.8158333333333332
ILLINOIS,1942,54.0,51.71666666666667,17.1,86.7,41.01,2.065
INDIANA,1942,54.0,51.475,17.4,86.7,41.1,0.705
IOWA,1942,60.0,47.64166666666666,10.4,85.1,32.57,2.0575
MINNESOTA,1942,46.0,40.766666666666666,-0.2,78.6,28.2,2.3175
MISSOURI,1942,36.0,54.44166666666666,18.6,89.6,46.0,2.1283333333333334
NEBRASKA,1942,32.0,48.21666666666667,11.9,90.1,25.2,1.6241666666666663
ILLINOIS,1943,50.0,50.958333333333336,17.0,88.7,34.68,0.1324999999999999
INDIANA,1943,49.0,50.775,18.5,87.2,37.15,-0.4458333333333333
IOWA,1943,55.0,46.541666666666664,5.4,86.5,31.09,1.7591666666666663
MINNESOTA,1943,42.5,39.041666666666664,-9.6,83.2,26.88,2.6358333333333333
MISSOURI,1943,31.5,53.975,18.2,91.0,38.19,0.4641666666666666
NEBRASKA,1943,27.0,48.99166666666667,7.3,90.6,17.57,-1.2641666666666669
ILLINOIS,1944,45.4,52.291666666666664,16.0,88.6,33.56,-1.5666666666666669
INDIANA,1944,40.1,52.225,16.9,89.6,33.22,-2.8125
IOWA,1944,52.5,48.05,10.6,84.2,36.66,2.299166666666667
MINNESOTA,1944,43.7,41.525,1.2,78.6,30.02,2.3833333333333333
MISSOURI,1944,33.5,54.7,19.8,90.4,39.59,-0.3408333333333333
NEBRASKA,1944,33.3,47.78333333333333,13.8,85.7,27.42,2.4208333333333334
ILLINOIS,1945,46.5,50.675,14.4,85.0,45.89,1.2583333333333335
INDIANA,1945,53.0,50.675,14.1,84.2,48.79,1.0408333333333333
IOWA,1945,44.5,46.4,8.6,83.4,34.21,2.2083333333333335
MINNESOTA,1945,39.0,38.93333333333333,-0.1,77.9,26.95,3.0
MISSOURI,1945,28.5,53.64166666666667,17.5,88.4,51.73,2.7775
NEBRASKA,1945,29.0,47.666666666666664,9.4,86.7,23.06,2.2383333333333333
ILLINOIS,1946,56.0,53.71666666666667,19.6,87.6,39.43,1.6291666666666669
INDIANA,1946,51.0,53.30833333333334,19.4,86.9,35.96,-0.9
IOWA,1946,57.0,49.30833333333334,11.0,84.7,34.85,1.4825
MINNESOTA,1946,45.5,40.65833333333334,-2.1,80.6,28.14,2.275
MISSOURI,1946,37.5,56.73333333333333,22.4,91.0,43.28,0.385
NEBRASKA,1946,29.5,50.44166666666666,14.6,89.9,24.75,0.0366666666666666
ILLINOIS,1947,39.5,51.275,14.2,92.9,37.26,0.145
INDIANA,1947,43.0,50.61666666666667,13.5,90.1,39.62,-0.1558333333333333
IOWA,1947,31.0,47.48333333333334,7.1,92.4,34.44,0.08
MINNESOTA,1947,38.0,39.825,-2.2,84.0,25.38,0.7749999999999999
MISSOURI,1947,25.0,54.400000000000006,16.8,95.5,40.440000000000005,-0.2591666666666666
NEBRASKA,1947,20.0,48.30833333333334,11.0,92.7,23.05,1.2566666666666666
ILLINOIS,1948,61.0,51.675,11.8,86.2,36.73,-0.345
INDIANA,1948,57.0,51.49166666666667,11.1,86.0,42.19,0.1191666666666666
IOWA,1948,60.5,47.75,6.0,86.4,28.52,-1.7525000000000002
MINNESOTA,1948,54.0,40.166666666666664,-8.1,81.5,22.85,-1.1425
MISSOURI,1948,45.0,54.11666666666667,14.4,87.4,39.61,-0.0325
NEBRASKA,1948,35.0,48.25,10.3,87.9,21.35,-0.2024999999999999
ILLINOIS,1949,54.0,52.75833333333333,20.8,88.0,40.8,0.3883333333333333
INDIANA,1949,50.0,53.041666666666664,23.8,88.4,45.03,1.6291666666666669
IOWA,1949,47.0,48.0,7.3,86.9,28.16,-0.7983333333333333
MINNESOTA,1949,44.0,40.69166666666667,-5.8,81.6,26.58,-0.9775
MISSOURI,1949,39.0,54.64166666666667,20.9,87.7,47.53,1.794166666666667
NEBRASKA,1949,31.1,47.63333333333333,0.5,88.8,25.04,2.3608333333333333
ILLINOIS,1950,51.0,49.833333333333336,12.7,83.4,41.75,2.6125000000000003
INDIANA,1950,48.5,49.974999999999994,13.7,82.8,53.84,4.339166666666666
IOWA,1950,48.5,44.825,5.2,80.7,29.02,-0.0825
MINNESOTA,1950,39.5,36.458333333333336,-13.1,77.4,26.05,0.2991666666666667
MISSOURI,1950,44.0,52.85833333333333,17.7,83.1,39.62,2.7591666666666668
NEBRASKA,1950,36.0,46.325,2.3,82.5,22.38,1.9325
ILLINOIS,1951,55.0,49.9,17.9,84.6,43.0,2.5558333333333336
INDIANA,1951,53.0,50.291666666666664,20.2,84.7,42.41,2.8641666666666663
IOWA,1951,43.5,44.31666666666666,6.3,82.1,41.97,3.045833333333333
MINNESOTA,1951,40.5,37.166666666666664,-7.4,79.1,30.52,1.8908333333333336
MISSOURI,1951,34.0,52.725,20.4,86.6,51.23,2.6658333333333335
NEBRASKA,1951,28.0,45.5,9.4,83.1,30.12,4.539166666666667
ILLINOIS,1952,58.0,52.64166666666667,20.4,89.1,33.53,0.1241666666666666
INDIANA,1952,50.0,52.50833333333333,23.1,89.4,38.5,0.5941666666666666
IOWA,1952,62.5,47.791666666666664,8.5,85.6,29.51,1.7133333333333332
MINNESOTA,1952,52.0,41.15,-5.7,80.5,22.46,0.3799999999999999
MISSOURI,1952,41.0,55.225,24.0,92.7,32.53,-1.2008333333333334
NEBRASKA,1952,38.0,48.625,12.2,89.8,19.24,1.9975
ILLINOIS,1953,54.0,53.708333333333336,22.5,88.6,27.43,-2.6233333333333335
INDIANA,1953,51.5,53.34166666666667,23.0,87.8,30.84,-2.505
IOWA,1953,53.0,49.10833333333333,12.2,85.6,25.79,-1.1408333333333334
MINNESOTA,1953,49.5,41.775,1.5,80.1,30.08,1.1108333333333331
MISSOURI,1953,33.5,56.625,24.5,92.3,25.12,-3.984166666666667
NEBRASKA,1953,29.5,50.225,16.9,88.2,20.25,-1.0408333333333333
ILLINOIS,1954,50.5,53.73333333333333,18.8,91.4,35.35,-4.818333333333333
INDIANA,1954,55.5,53.14166666666667,21.1,90.0,37.21,-3.1633333333333336
IOWA,1954,54.5,49.25,5.7,88.8,34.18,-0.625
MINNESOTA,1954,51.5,40.88333333333333,-9.1,81.2,24.72,0.3625
MISSOURI,1954,23.0,57.05,19.3,97.3,35.3,-6.655
NEBRASKA,1954,29.0,50.76666666666667,9.9,94.2,19.5,-2.2658333333333336
ILLINOIS,1955,56.0,52.425,18.2,90.8,34.36,-1.94
INDIANA,1955,56.0,52.13333333333333,18.5,89.9,40.63,0.1483333333333333
IOWA,1955,48.5,47.916666666666664,8.9,90.4,22.97,-1.9175
MINNESOTA,1955,50.0,40.041666666666664,-3.8,84.4,24.96,-1.850833333333333
MISSOURI,1955,40.0,54.96666666666667,20.2,91.8,33.47,-3.2783333333333338
NEBRASKA,1955,20.0,48.23333333333333,8.7,93.1,17.14,-4.4925
ILLINOIS,1956,68.0,52.65,16.9,85.3,30.21,-2.3249999999999997
INDIANA,1956,62.0,52.11666666666667,17.8,84.2,35.21,-0.6974999999999999
IOWA,1956,53.5,48.10833333333334,7.7,86.8,24.28,-6.096666666666667
MINNESOTA,1956,58.5,39.63333333333333,-4.2,80.3,24.03,-1.6266666666666667
MISSOURI,1956,48.0,55.725,17.8,90.6,31.34,-3.731666666666667
NEBRASKA,1956,23.5,49.275000000000006,11.3,88.6,15.84,-6.116666666666667
ILLINOIS,1957,64.0,51.825,12.2,87.3,45.29,0.7775
INDIANA,1957,59.0,51.61666666666667,14.0,85.9,48.95,1.0141666666666669
IOWA,1957,62.0,47.541666666666664,3.3,88.4,31.52,-1.795
MINNESOTA,1957,58.0,40.05833333333333,-9.3,83.5,29.31,1.0716666666666663
MISSOURI,1957,44.0,54.525000000000006,16.6,89.9,48.07,1.12
NEBRASKA,1957,46.5,47.958333333333336,4.1,90.5,26.97,0.0316666666666666
ILLINOIS,1958,69.0,50.05,11.7,84.6,35.33,0.1324999999999999
INDIANA,1958,63.0,49.45,13.2,82.9,40.3,1.4075
IOWA,1958,66.0,46.85833333333333,5.2,83.8,25.32,-0.6266666666666666
MINNESOTA,1958,56.0,40.6,-2.4,79.5,20.55,-1.231666666666667
MISSOURI,1958,54.0,53.0,15.0,87.0,43.07,1.465833333333333
NEBRASKA,1958,51.0,47.85,12.4,87.1,23.0,3.063333333333333
ILLINOIS,1959,67.0,51.88333333333333,11.6,87.3,37.81,0.0666666666666666
INDIANA,1959,62.5,51.96666666666667,13.6,87.3,41.29,0.1625
IOWA,1959,65.0,46.89166666666667,3.2,85.8,38.0,1.1466666666666667
MINNESOTA,1959,50.5,40.14166666666667,-8.0,82.0,26.07,-0.2366666666666667
MISSOURI,1959,53.0,54.28333333333333,15.7,89.4,38.36,-0.1233333333333333
NEBRASKA,1959,48.5,47.975,8.3,89.4,23.36,2.0483333333333333
ILLINOIS,1960,68.0,50.31666666666666,16.1,85.5,34.62,-0.1991666666666666
INDIANA,1960,68.0,50.05,15.6,84.8,33.5,-0.5158333333333333
IOWA,1960,63.5,46.09166666666667,9.9,83.8,33.81,2.435
MINNESOTA,1960,54.0,39.833333333333336,-0.2,81.6,24.1,0.15
MISSOURI,1960,52.0,53.11666666666667,19.9,88.4,34.92,0.02
NEBRASKA,1960,51.0,46.95,9.6,87.2,22.85,1.9125
ILLINOIS,1961,79.0,51.10833333333333,14.3,85.1,43.01,1.18
INDIANA,1961,74.0,50.81666666666666,14.4,84.2,42.66,1.1141666666666667
IOWA,1961,75.5,46.68333333333334,7.6,83.3,37.26,1.9983333333333333
MINNESOTA,1961,64.5,41.05,-3.4,82.6,23.04,-1.0841666666666667
MISSOURI,1961,62.0,53.291666666666664,16.3,86.5,47.82,1.885
NEBRASKA,1961,52.0,47.724999999999994,9.7,87.5,22.31,0.395
ILLINOIS,1962,85.0,50.89166666666667,11.1,85.4,33.410000000000004,0.2308333333333333
INDIANA,1962,82.0,50.50833333333333,14.7,84.9,35.52,-0.1024999999999999
IOWA,1962,77.0,46.46666666666667,2.8,82.8,31.05,1.8333333333333333
MINNESOTA,1962,59.5,39.766666666666666,-6.8,78.7,28.21,1.0425
MISSOURI,1962,58.0,54.025,13.8,89.8,34.96,-0.1024999999999999
NEBRASKA,1962,60.5,48.150000000000006,7.1,85.9,26.45,1.6341666666666663
ILLINOIS,1963,87.0,50.675,7.4,86.3,27.82,-2.83
INDIANA,1963,87.0,49.61666666666667,8.6,84.6,29.11,-1.9983333333333333
IOWA,1963,80.0,47.69166666666666,-0.7,85.2,27.12,-1.235
MINNESOTA,1963,69.0,41.18333333333333,-9.3,81.6,24.08,-0.5991666666666667
MISSOURI,1963,61.0,54.51666666666667,10.6,88.8,28.99,-2.703333333333333
NEBRASKA,1963,57.0,50.06666666666667,0.4,90.1,21.21,-0.4216666666666667
ILLINOIS,1964,80.0,52.48333333333333,20.1,86.9,32.11,-4.184166666666667
INDIANA,1964,72.0,51.95,18.7,85.6,36.21,-3.67
IOWA,1964,77.5,48.525,11.5,87.4,31.25,-0.4741666666666667
MINNESOTA,1964,58.0,40.858333333333334,-1.8,83.9,26.65,-0.4325
MISSOURI,1964,53.0,55.11666666666667,22.0,90.0,37.56,-3.2550000000000003
NEBRASKA,1964,54.0,48.59166666666667,11.7,91.6,19.79,-1.8041666666666665
ILLINOIS,1965,94.0,51.94166666666666,17.2,84.8,41.809999999999995,0.8450000000000001
INDIANA,1965,94.0,51.55,17.6,83.6,39.92,-2.2375000000000003
IOWA,1965,82.0,46.725,6.6,83.5,40.25,1.9825
MINNESOTA,1965,61.0,38.25833333333333,-8.6,78.1,33.24,3.0516666666666663
MISSOURI,1965,75.0,55.03333333333333,20.6,86.3,43.42,0.4583333333333333
NEBRASKA,1965,70.0,47.791666666666664,10.6,85.5,28.8,0.9633333333333332
ILLINOIS,1966,82.0,50.575,12.1,90.8,34.91,-0.0208333333333333
INDIANA,1966,80.0,50.15,13.6,89.5,37.19,-1.2033333333333334
IOWA,1966,89.0,46.38333333333333,1.7,87.4,25.32,0.4583333333333333
MINNESOTA,1966,76.0,38.59166666666667,-14.0,83.9,24.67,1.106666666666667
MISSOURI,1966,64.0,53.39166666666667,15.8,92.5,34.65,-0.6124999999999999
NEBRASKA,1966,80.0,47.45,5.0,90.6,19.15,1.6224999999999998
ILLINOIS,1967,104.0,50.55833333333334,15.2,83.0,40.55,0.8383333333333333
INDIANA,1967,86.0,50.28333333333333,14.8,82.7,38.88,-0.14
IOWA,1967,88.5,46.625,8.0,82.5,30.13,-1.2283333333333333
MINNESOTA,1967,72.0,38.9,-9.0,79.2,21.48,-0.5841666666666666
MISSOURI,1967,69.0,53.73333333333333,19.7,84.8,42.74,0.4825
NEBRASKA,1967,74.0,48.025,13.1,84.7,22.2,-0.2133333333333333
ILLINOIS,1968,90.0,51.11666666666667,15.4,85.1,35.7,-0.2975
INDIANA,1968,88.0,50.708333333333336,14.4,85.1,41.66,0.2741666666666666
IOWA,1968,93.0,47.625,9.3,83.6,32.8,0.3958333333333333
MINNESOTA,1968,82.0,40.575,-2.2,78.5,33.45,0.9
MISSOURI,1968,83.0,53.375,19.0,87.3,41.17,1.37
NEBRASKA,1968,74.0,48.01666666666667,10.0,86.6,22.55,-0.2733333333333332
ILLINOIS,1969,102.0,50.4,15.1,85.9,40.71,1.0533333333333337
INDIANA,1969,100.0,50.13333333333333,16.1,85.2,40.88,0.4583333333333333
IOWA,1969,99.0,46.041666666666664,5.7,83.8,34.77,2.1141666666666667
MINNESOTA,1969,87.0,39.541666666666664,-6.2,82.8,25.69,0.8016666666666667
MISSOURI,1969,68.0,53.44166666666666,19.4,90.2,43.62,2.2708333333333335
NEBRASKA,1969,94.0,47.35,7.2,87.2,22.11,0.3583333333333333
ILLINOIS,1970,74.0,51.21666666666667,8.8,86.5,41.76,2.1891666666666665
INDIANA,1970,76.0,50.975,9.3,84.5,38.32,0.1983333333333333
IOWA,1970,86.0,46.925,0.1,86.0,33.52,0.2291666666666666
MINNESOTA,1970,85.0,39.1,-8.9,83.5,27.43,0.4258333333333334
MISSOURI,1970,61.0,54.075,13.5,89.2,43.8,1.7533333333333332
NEBRASKA,1970,76.0,48.25,7.7,89.6,19.29,-0.275
ILLINOIS,1971,106.0,52.21666666666667,12.4,87.5,32.2,-0.7641666666666667
INDIANA,1971,101.0,51.55833333333334,13.4,85.7,37.11,-0.0116666666666666
IOWA,1971,102.0,47.43333333333334,2.9,85.9,29.51,-0.1508333333333333
MINNESOTA,1971,83.0,39.63333333333333,-10.1,79.0,29.07,2.195
MISSOURI,1971,88.0,54.833333333333336,16.9,88.0,33.88,-1.0525
NEBRASKA,1971,85.0,48.025,9.4,87.3,23.66,1.1016666666666668
ILLINOIS,1972,110.0,50.325,14.4,84.4,41.54,0.8441666666666666
INDIANA,1972,104.0,50.21666666666667,16.4,83.6,43.96,0.5325000000000001
IOWA,1972,116.0,45.49166666666667,4.8,81.9,37.05,1.6391666666666669
MINNESOTA,1972,93.0,37.666666666666664,-10.0,77.8,27.71,2.8941666666666666
MISSOURI,1972,91.0,53.74166666666667,18.7,87.0,38.5,-0.6649999999999999
NEBRASKA,1972,104.0,47.208333333333336,8.1,84.1,23.39,0.5833333333333334
ILLINOIS,1973,103.0,53.041666666666664,20.4,86.0,47.61,3.3625000000000003
INDIANA,1973,102.0,52.916666666666664,21.8,85.3,44.38,2.2983333333333333
IOWA,1973,107.0,48.73333333333333,12.2,83.8,42.92,4.335833333333333
MINNESOTA,1973,93.0,42.266666666666666,2.6,80.3,28.14,2.26
MISSOURI,1973,88.0,55.24166666666667,21.0,88.6,57.14,3.772499999999999
NEBRASKA,1973,94.0,48.65833333333333,12.4,88.6,29.31,3.8341666666666665
ILLINOIS,1974,82.0,51.61666666666667,18.5,88.8,41.66,3.174166666666667
INDIANA,1974,73.0,51.291666666666664,21.0,86.9,42.1,1.9325
IOWA,1974,80.0,47.599999999999994,8.4,89.6,31.98,2.9891666666666663
MINNESOTA,1974,62.0,40.15,-4.9,84.6,23.53,0.535
MISSOURI,1974,54.0,54.44166666666666,19.9,93.3,42.66,3.1291666666666664
NEBRASKA,1974,70.0,49.23333333333333,7.8,94.1,15.56,0.1525
ILLINOIS,1975,116.0,51.99166666666667,21.4,85.2,40.74,1.5433333333333332
INDIANA,1975,98.0,51.99166666666667,23.4,85.1,44.7,2.1408333333333336
IOWA,1975,90.0,47.39166666666667,10.5,86.4,30.06,-0.0966666666666666
MINNESOTA,1975,70.0,40.11666666666667,0.4,84.0,27.98,0.54
MISSOURI,1975,63.0,54.64166666666666,23.3,89.8,41.83,0.8624999999999999
NEBRASKA,1975,85.0,47.73333333333333,11.2,89.2,20.47,-1.5075
ILLINOIS,1976,107.0,50.375,12.8,87.3,28.54,-0.9391666666666666
INDIANA,1976,110.0,49.96666666666667,14.2,84.5,32.61,0.115
IOWA,1976,91.0,47.35833333333333,5.6,86.7,23.59,-1.4941666666666666
MINNESOTA,1976,59.0,40.483333333333334,-5.8,84.1,15.87,-2.8525000000000005
MISSOURI,1976,61.0,53.625,17.2,89.4,28.56,-1.4666666666666668
NEBRASKA,1976,85.0,48.958333333333336,11.6,88.6,17.24,-1.785
ILLINOIS,1977,105.0,51.50833333333333,0.9,88.9,41.8,-0.7408333333333333
INDIANA,1977,102.0,51.041666666666664,0.7,88.1,42.36,-0.0941666666666666
IOWA,1977,86.0,48.35833333333333,-4.4,88.7,36.59,-2.0483333333333333
MINNESOTA,1977,100.0,41.2,-13.2,82.2,33.93,-3.0483333333333333
MISSOURI,1977,76.0,54.85,5.4,90.4,44.31,-0.5758333333333333
NEBRASKA,1977,99.0,49.80833333333334,3.3,89.2,28.9,0.8708333333333332
ILLINOIS,1978,111.0,49.56666666666666,7.4,85.5,35.72,-0.0741666666666666
INDIANA,1978,108.0,49.05,4.4,84.4,39.29,1.4008333333333332
IOWA,1978,115.0,45.31666666666667,-1.4,83.1,34.14,2.2675
MINNESOTA,1978,104.0,39.041666666666664,-8.9,79.0,25.93,2.3975
MISSOURI,1978,87.0,52.60833333333333,10.6,90.0,40.35,0.9983333333333334
NEBRASKA,1978,113.0,46.11666666666667,1.4,88.1,22.33,1.8758333333333337
ILLINOIS,1979,127.0,49.36666666666667,4.4,84.2,38.63,0.4875
INDIANA,1979,112.0,49.24166666666667,7.6,82.2,46.9,2.5116666666666667
IOWA,1979,127.0,45.13333333333333,-3.9,82.9,34.34,2.775
MINNESOTA,1979,100.0,37.8,-13.8,79.9,28.39,3.0666666666666664
MISSOURI,1979,103.0,52.05,6.9,86.2,40.33,0.7741666666666666
NEBRASKA,1979,115.0,46.51666666666667,-2.0,84.5,25.49,2.615
ILLINOIS,1980,93.0,51.3,14.4,90.3,33.65,-0.8675
INDIANA,1980,96.0,50.51666666666667,13.9,88.4,36.0,1.7
IOWA,1980,110.0,48.00833333333333,10.3,88.8,29.09,-0.1866666666666666
MINNESOTA,1980,97.0,40.708333333333336,-1.0,83.3,22.07,-1.1541666666666666
MISSOURI,1980,53.0,54.975,18.3,98.0,28.84,-2.3225
NEBRASKA,1980,85.0,49.48333333333333,12.3,93.1,17.169999999999998,-0.1583333333333334
ILLINOIS,1981,126.0,51.75,16.0,84.3,41.69,1.5483333333333331
INDIANA,1981,108.0,50.791666666666664,14.2,84.1,41.21,1.0766666666666669
IOWA,1981,125.0,48.96666666666667,11.4,83.0,31.99,0.4166666666666667
MINNESOTA,1981,110.0,42.55,1.5,80.3,28.05,0.1083333333333333
MISSOURI,1981,107.0,54.89166666666667,19.6,87.6,44.21,0.0866666666666666
NEBRASKA,1981,115.0,50.46666666666667,15.6,86.0,24.16,-1.340833333333333
ILLINOIS,1982,131.0,50.68333333333334,7.2,85.4,46.58,3.065
INDIANA,1982,126.0,50.7,8.5,85.0,44.88,1.95
IOWA,1982,120.0,46.075,-2.8,84.8,41.44,3.1341666666666668
MINNESOTA,1982,113.0,39.025,-16.0,81.0,29.82,2.43
MISSOURI,1982,101.0,53.51666666666667,11.8,88.7,50.82,2.8958333333333335
NEBRASKA,1982,110.0,47.03333333333333,3.0,88.0,27.51,1.745
ILLINOIS,1983,79.0,51.99166666666667,10.3,91.3,41.29,2.578333333333333
INDIANA,1983,73.0,51.80833333333334,13.5,89.8,40.71,-0.1924999999999999
IOWA,1983,87.0,47.65,-0.1,90.4,36.51,3.73
MINNESOTA,1983,84.0,41.38333333333333,-9.9,84.3,29.13,3.0549999999999997
MISSOURI,1983,51.0,53.96666666666667,10.6,95.4,41.18,1.42
NEBRASKA,1983,97.0,47.90833333333333,-1.0,92.2,25.11,4.600833333333333
ILLINOIS,1984,114.0,51.8,13.8,87.0,41.31,1.0108333333333337
INDIANA,1984,117.0,51.26666666666667,12.8,85.3,40.59,0.3966666666666666
IOWA,1984,112.0,47.76666666666667,8.9,86.0,36.91,2.9149999999999996
MINNESOTA,1984,107.0,41.30833333333333,-1.8,82.2,28.01,2.400833333333334
MISSOURI,1984,80.0,54.39166666666667,16.8,90.3,46.3,1.0125
NEBRASKA,1984,116.0,48.24166666666667,13.0,89.2,25.84,4.179166666666666
ILLINOIS,1985,135.0,50.63333333333333,9.3,85.5,45.63,2.145
INDIANA,1985,123.0,51.01666666666667,12.5,84.9,45.45,0.3075
IOWA,1985,126.0,45.900000000000006,0.9,84.9,31.15,0.6341666666666667
MINNESOTA,1985,115.0,38.7,-7.0,80.1,30.69,3.09
MISSOURI,1985,110.0,53.00833333333333,12.0,89.1,51.76,3.3716666666666666
NEBRASKA,1985,128.0,46.75833333333333,8.4,88.3,22.45,2.1341666666666668
ILLINOIS,1986,135.0,52.833333333333336,18.2,87.8,37.45,1.6041666666666667
INDIANA,1986,122.0,52.400000000000006,19.0,86.6,39.66,0.3991666666666666
IOWA,1986,135.0,48.55,12.1,85.5,39.9,2.1125
MINNESOTA,1986,122.0,41.49166666666667,2.2,80.2,31.43,3.8341666666666665
MISSOURI,1986,116.0,55.925,21.8,91.7,42.43,2.033333333333333
NEBRASKA,1986,128.0,50.25,16.0,88.5,26.8,2.5241666666666664
ILLINOIS,1987,132.0,54.09166666666667,19.4,88.0,34.68,-1.4016666666666666
INDIANA,1987,135.0,53.224999999999994,20.2,85.5,34.87,-1.4666666666666668
IOWA,1987,130.0,51.18333333333333,15.8,87.2,32.84,0.2933333333333333
MINNESOTA,1987,127.0,45.26666666666667,6.9,82.6,22.09,-1.8091666666666668
MISSOURI,1987,113.0,56.333333333333336,22.0,89.2,40.29,-0.2075
NEBRASKA,1987,131.0,50.78333333333333,16.9,89.4,25.37,3.595833333333333
ILLINOIS,1988,73.0,52.10833333333333,14.5,90.2,29.33,-2.0925
INDIANA,1988,83.0,51.28333333333333,15.3,89.0,34.25,-1.5991666666666668
IOWA,1988,84.0,48.7,5.6,88.5,21.48,-2.8266666666666667
MINNESOTA,1988,74.0,41.55,-6.2,86.3,22.41,-4.803333333333334
MISSOURI,1988,76.0,54.56666666666666,17.7,90.7,34.21,-0.745
NEBRASKA,1988,124.0,49.59166666666667,6.0,89.4,20.12,-0.6625
ILLINOIS,1989,123.0,50.4,8.4,85.8,32.39,-1.86
INDIANA,1989,133.0,50.18333333333334,9.3,84.4,43.42,1.715
IOWA,1989,118.0,46.6,3.9,86.2,24.69,-4.743333333333333
MINNESOTA,1989,125.0,39.1,-8.3,84.1,22.47,-3.2841666666666662
MISSOURI,1989,96.0,53.03333333333333,11.1,86.5,33.32,-0.1408333333333333
NEBRASKA,1989,121.0,47.98333333333333,6.0,88.4,16.71,-3.3375
ILLINOIS,1990,127.0,53.55833333333334,21.4,84.4,49.94,1.9141666666666663
INDIANA,1990,129.0,53.291666666666664,24.1,83.1,53.54,3.310833333333333
IOWA,1990,126.0,49.458333333333336,10.6,82.0,38.9,1.0608333333333333
MINNESOTA,1990,124.0,42.458333333333336,1.1,79.2,26.36,-0.8141666666666666
MISSOURI,1990,105.0,56.2,22.7,87.1,50.45,1.840833333333333
NEBRASKA,1990,128.0,49.99166666666667,9.3,85.8,21.5,-3.3358333333333334
ILLINOIS,1991,107.0,53.73333333333333,16.3,87.6,36.12,-1.0799999999999998
INDIANA,1991,92.0,53.708333333333336,19.6,87.2,36.31,-1.4125
IOWA,1991,117.0,48.583333333333336,4.0,84.7,37.74,1.88
MINNESOTA,1991,120.0,41.74166666666667,-4.9,80.8,32.2,1.5166666666666666
MISSOURI,1991,97.0,56.06666666666666,18.8,90.2,39.12,-0.3783333333333333
NEBRASKA,1991,127.0,50.11666666666667,8.6,88.0,22.03,-2.161666666666666
ILLINOIS,1992,149.0,51.88333333333333,23.2,82.6,35.81,0.0841666666666667
INDIANA,1992,147.0,51.28333333333333,23.3,81.8,40.34,0.2158333333333333
IOWA,1992,147.0,47.84166666666667,16.4,79.8,36.21,1.8775
MINNESOTA,1992,114.0,40.891666666666666,5.3,73.5,25.47,2.3733333333333335
MISSOURI,1992,135.0,54.51666666666667,25.4,85.8,41.75,0.5258333333333334
NEBRASKA,1992,135.0,48.925,12.6,79.7,25.59,1.455
ILLINOIS,1993,130.0,50.85833333333333,18.8,85.5,51.17,3.7625
INDIANA,1993,132.0,50.775000000000006,17.5,85.6,48.59,3.091666666666667
IOWA,1993,80.0,45.666666666666664,9.1,80.9,47.87,6.080000000000001
MINNESOTA,1993,70.0,38.925,-2.5,77.0,31.44,3.9058333333333337
MISSOURI,1993,90.0,52.975,21.1,87.9,56.61,4.4591666666666665
NEBRASKA,1993,104.0,45.99166666666667,8.7,82.1,31.87,5.7508333333333335
ILLINOIS,1994,156.0,51.98333333333333,12.2,85.3,35.49,-0.3491666666666666
INDIANA,1994,144.0,51.49166666666667,12.4,84.5,35.56,-0.7791666666666667
IOWA,1994,152.0,47.458333333333336,1.4,81.4,29.54,3.143333333333333
MINNESOTA,1994,142.0,40.925,-12.2,77.0,28.23,3.3083333333333336
MISSOURI,1994,118.0,54.68333333333334,18.0,86.4,42.08,3.5083333333333333
NEBRASKA,1994,139.0,49.225,9.7,85.1,21.9,4.774166666666667
ILLINOIS,1995,113.0,51.59166666666667,18.9,89.0,38.91,-0.1624999999999999
INDIANA,1995,113.0,51.49166666666667,18.3,88.0,38.26,-0.7366666666666667
IOWA,1995,123.0,47.25833333333333,11.0,86.3,32.25,0.3858333333333332
MINNESOTA,1995,119.0,40.3,1.7,80.2,29.51,2.6733333333333333
MISSOURI,1995,102.0,54.18333333333333,20.8,91.0,42.05,1.1375
NEBRASKA,1995,111.0,48.55833333333334,13.8,89.3,25.18,3.985833333333334
ILLINOIS,1996,136.0,50.125,15.6,84.4,38.82,0.6316666666666667
INDIANA,1996,123.0,50.05,16.7,83.7,47.67,1.5558333333333334
IOWA,1996,138.0,45.166666666666664,6.2,81.2,33.64,0.6749999999999999
MINNESOTA,1996,125.0,37.61666666666667,-10.2,79.3,27.77,2.625
MISSOURI,1996,134.0,52.94166666666666,17.6,85.4,43.68,0.8441666666666667
NEBRASKA,1996,143.0,46.60833333333333,7.1,84.1,25.48,2.4949999999999997
ILLINOIS,1997,129.0,50.958333333333336,12.2,86.2,35.1,-0.1741666666666667
INDIANA,1997,122.0,50.5,14.6,84.9,39.8,1.8191666666666664
IOWA,1997,138.0,47.1,5.2,83.7,29.21,0.3991666666666666
MINNESOTA,1997,132.0,40.56666666666667,-4.7,79.4,25.2,2.5083333333333333
MISSOURI,1997,115.0,53.68333333333334,16.0,89.1,39.81,1.7575
NEBRASKA,1997,132.0,48.625,9.5,87.1,22.14,2.545833333333333
ILLINOIS,1998,141.0,55.21666666666667,25.3,85.0,44.48,1.3975
INDIANA,1998,137.0,54.94166666666666,27.5,84.2,44.88,0.3416666666666666
IOWA,1998,145.0,50.916666666666664,16.8,83.9,39.57,1.795
MINNESOTA,1998,153.0,44.90833333333333,6.6,80.3,28.83,0.9916666666666668
MISSOURI,1998,114.0,57.166666666666664,26.5,87.4,49.87,2.1275
NEBRASKA,1998,145.0,50.6,15.8,86.7,25.93,3.2275000000000005
ILLINOIS,1999,140.0,53.53333333333333,16.8,89.2,35.71,0.0824999999999999
INDIANA,1999,132.0,53.208333333333336,18.0,88.7,35.04,-1.36
IOWA,1999,149.0,49.65833333333333,9.1,87.2,32.28,0.9216666666666664
MINNESOTA,1999,150.0,43.69166666666666,-1.2,82.4,29.67,2.500833333333333
MISSOURI,1999,97.0,56.36666666666667,22.1,90.9,36.85,0.3391666666666666
NEBRASKA,1999,139.0,50.975,15.1,88.7,22.84,2.200833333333333
ILLINOIS,2000,151.0,52.2,9.3,85.0,39.77,-0.01
INDIANA,2000,146.0,51.55833333333334,10.8,82.5,43.4,-0.1991666666666666
IOWA,2000,144.0,48.63333333333333,1.4,83.0,29.729999999999997,-1.0633333333333332
MINNESOTA,2000,145.0,41.81666666666667,-6.4,79.4,27.98,1.7125
MISSOURI,2000,143.0,55.15,12.1,90.9,35.7,-1.5741666666666667
NEBRASKA,2000,126.0,49.925,8.7,90.2,20.36,-1.405
ILLINOIS,2001,152.0,53.35833333333333,18.0,86.6,39.65,0.6658333333333334
INDIANA,2001,156.0,53.15833333333333,19.3,84.8,43.96,0.8383333333333333
IOWA,2001,146.0,49.05833333333334,9.2,85.4,34.59,0.2066666666666666
MINNESOTA,2001,130.0,43.05,-4.4,81.9,29.28,0.8975
MISSOURI,2001,133.0,55.80833333333334,20.3,88.8,43.61,0.6166666666666667
NEBRASKA,2001,147.0,50.333333333333336,12.8,89.2,24.48,0.6183333333333333
ILLINOIS,2002,135.0,53.24166666666667,23.5,89.1,39.06,0.35
INDIANA,2002,121.0,53.11666666666667,24.3,88.3,42.19,0.6225
IOWA,2002,163.0,49.166666666666664,18.4,87.4,29.48,-0.2575
MINNESOTA,2002,157.0,42.041666666666664,9.3,83.3,28.59,0.5491666666666667
MISSOURI,2002,105.0,55.31666666666666,24.3,90.0,40.21,-0.0766666666666666
NEBRASKA,2002,128.0,50.00833333333333,16.9,92.6,15.65,-2.78
ILLINOIS,2003,164.0,51.708333333333336,14.3,86.5,37.77,-0.1133333333333333
INDIANA,2003,146.0,51.06666666666666,13.5,84.4,46.4,1.2208333333333332
IOWA,2003,157.0,47.90833333333333,9.4,86.4,28.69,-0.4266666666666667
MINNESOTA,2003,146.0,41.516666666666666,-1.3,82.5,22.2,-0.8333333333333334
MISSOURI,2003,108.0,54.5,17.6,90.8,40.03,-0.4225
NEBRASKA,2003,146.0,49.78333333333333,13.6,90.7,19.98,-3.0025
ILLINOIS,2004,180.0,52.583333333333336,16.6,82.6,39.97,0.7949999999999999
INDIANA,2004,168.0,52.21666666666667,16.6,81.8,43.4,2.6283333333333334
IOWA,2004,181.0,48.50833333333333,8.7,80.5,35.41,1.086666666666667
MINNESOTA,2004,159.0,41.3,-4.3,77.8,29.87,0.4816666666666666
MISSOURI,2004,162.0,54.96666666666667,20.4,83.9,44.53,1.5025000000000002
NEBRASKA,2004,166.0,49.80833333333334,12.4,84.2,22.92,-1.7891666666666666
ILLINOIS,2005,143.0,53.7,19.1,87.6,31.43,-1.8908333333333331
INDIANA,2005,154.0,52.85,20.0,85.8,40.89,-0.4749999999999999
IOWA,2005,173.0,49.61666666666667,11.6,86.0,29.84,-0.3566666666666666
MINNESOTA,2005,174.0,43.06666666666666,-1.8,81.9,31.6,2.7158333333333338
MISSOURI,2005,111.0,56.23333333333333,22.3,89.9,36.4,-0.6925
NEBRASKA,2005,154.0,50.7,13.4,89.9,23.57,-0.2749999999999999
ILLINOIS,2006,163.0,54.0,20.7,87.6,40.63,-0.3266666666666666
INDIANA,2006,157.0,53.425,22.4,85.4,51.02,1.7533333333333332
IOWA,2006,166.0,50.39166666666667,14.1,87.3,32.4,-0.6975000000000001
MINNESOTA,2006,161.0,44.38333333333333,1.9,85.9,22.78,-0.6458333333333334
MISSOURI,2006,138.0,56.75,22.3,90.4,38.01,-1.8716666666666668
NEBRASKA,2006,152.0,51.09166666666667,15.1,91.5,21.56,-1.005
ILLINOIS,2007,175.0,53.675,13.5,89.4,36.68,-0.5466666666666667
INDIANA,2007,154.0,53.28333333333333,11.7,88.6,41.79,-0.1724999999999999
IOWA,2007,171.0,48.89166666666667,7.7,85.1,42.4,2.3958333333333335
MINNESOTA,2007,146.0,42.4,-1.6,82.6,29.21,-0.9391666666666666
MISSOURI,2007,140.0,56.18333333333334,19.8,93.3,39.58,-0.3441666666666667
NEBRASKA,2007,160.0,49.958333333333336,11.4,88.8,28.64,2.3025
ILLINOIS,2008,179.0,50.916666666666664,17.0,84.9,50.17,2.985
INDIANA,2008,160.0,51.041666666666664,18.6,84.0,49.69,2.6141666666666667
IOWA,2008,171.0,45.916666666666664,7.6,83.6,42.91,4.785
MINNESOTA,2008,162.0,39.416666666666664,-3.4,80.1,27.34,1.465833333333333
MISSOURI,2008,144.0,53.43333333333334,20.0,86.8,56.1,3.7258333333333336
NEBRASKA,2008,163.0,47.69166666666666,9.5,88.3,28.09,3.56
ILLINOIS,2009,174.0,51.425,11.9,83.2,50.96,4.7058333333333335
INDIANA,2009,171.0,51.28333333333333,13.0,82.0,46.06,2.0533333333333332
IOWA,2009,181.0,46.7,3.2,79.2,39.15,4.4225
MINNESOTA,2009,174.0,40.10833333333333,-9.2,75.1,26.38,0.6158333333333333
MISSOURI,2009,153.0,53.974999999999994,17.3,85.1,51.71,4.215
NEBRASKA,2009,179.0,47.6,9.1,82.6,25.7,5.16
ILLINOIS,2010,157.0,52.89166666666667,14.8,87.9,40.68,3.775
INDIANA,2010,157.0,52.6,17.2,87.2,37.39,-0.7341666666666667
IOWA,2010,165.0,48.19166666666666,6.9,84.8,44.05,5.265833333333333
MINNESOTA,2010,177.0,42.84166666666667,0.5,81.3,33.44,1.8541666666666667
MISSOURI,2010,123.0,55.208333333333336,17.8,90.8,44.57,3.897499999999999
NEBRASKA,2010,166.0,49.34166666666667,12.8,88.0,27.06,6.088333333333334
ILLINOIS,2011,157.0,53.15,15.2,90.2,46.1,1.275
INDIANA,2011,146.0,53.06666666666666,16.4,89.6,55.19,2.1716666666666664
IOWA,2011,172.0,48.40833333333333,6.6,87.7,31.83,1.5175
MINNESOTA,2011,155.0,42.025,-3.8,83.6,24.35,1.6958333333333335
MISSOURI,2011,114.0,55.64166666666667,17.2,93.5,45.7,0.6016666666666667
NEBRASKA,2011,160.0,48.78333333333333,9.7,89.5,25.81,3.018333333333333
ILLINOIS,2012,105.0,55.775,22.7,94.4,30.11,-2.3525
INDIANA,2012,99.0,55.13333333333333,23.7,92.8,33.82,-0.6741666666666667
IOWA,2012,137.0,52.06666666666666,16.7,92.0,25.6,-2.9058333333333333
MINNESOTA,2012,165.0,45.208333333333336,8.6,86.0,26.17,-3.255833333333334
MISSOURI,2012,75.0,58.55,25.0,97.0,31.03,-2.6374999999999997
NEBRASKA,2012,142.0,52.708333333333336,15.4,95.2,13.36,-3.4825
ILLINOIS,2013,178.0,51.083333333333336,17.4,83.8,42.49,0.425
INDIANA,2013,177.0,51.208333333333336,21.1,82.6,45.14,0.5908333333333333
IOWA,2013,164.0,46.65833333333333,8.1,83.4,34.44,-1.205833333333333
MINNESOTA,2013,159.0,39.325,-4.3,79.9,29.01,0.1241666666666666
MISSOURI,2013,136.0,53.60833333333333,20.3,85.8,45.71,1.0116666666666667
NEBRASKA,2013,169.0,48.458333333333336,10.4,85.8,23.44,-3.4691666666666667
ILLINOIS,2014,200.0,49.48333333333333,9.2,83.3,41.29,1.0941666666666665
INDIANA,2014,188.0,49.40833333333333,9.6,82.6,43.57,1.8166666666666669
IOWA,2014,178.0,45.458333333333336,2.8,80.3,38.69,1.1825
MINNESOTA,2014,156.0,38.641666666666666,-9.0,77.4,29.12,0.4599999999999999
MISSOURI,2014,186.0,52.875,13.8,87.2,39.31,0.4416666666666666
NEBRASKA,2014,179.0,48.01666666666667,9.9,84.5,24.98,0.49
ILLINOIS,2015,175.0,52.86666666666667,9.8,83.6,48.8,2.7325
INDIANA,2015,150.0,52.30833333333334,9.4,82.7,47.510000000000005,2.6766666666666663
IOWA,2015,192.0,49.26666666666667,4.7,82.0,42.51,3.153333333333333
MINNESOTA,2015,188.0,43.49166666666667,-4.8,80.5,29.46,0.26
MISSOURI,2015,142.0,55.84166666666667,15.7,86.6,55.52,2.4341666666666666
NEBRASKA,2015,185.0,50.8,13.5,86.1,28.06,2.611666666666667
ILLINOIS,2016,197.0,54.73333333333333,19.0,86.2,39.74,2.7566666666666664
INDIANA,2016,173.0,54.225,19.3,85.0,43.379999999999995,2.3358333333333334
IOWA,2016,203.0,50.71666666666667,12.4,84.8,38.1,4.156666666666667
MINNESOTA,2016,193.0,44.56666666666666,4.9,79.8,33.54,3.000833333333333
MISSOURI,2016,163.0,57.44166666666666,21.7,88.2,39.44,1.9391666666666667
NEBRASKA,2016,178.0,51.65,12.0,87.4,25.31,3.7466666666666666
ILLINOIS,2017,201.0,54.39166666666667,20.8,86.8,37.8,0.4524999999999999
INDIANA,2017,180.0,53.975,21.1,84.5,45.61,2.1758333333333333
IOWA,2017,202.0,50.0,15.1,85.8,32.35,2.515
MINNESOTA,2017,194.0,42.63333333333333,5.2,80.9,28.3,3.4258333333333333
MISSOURI,2017,170.0,57.15,24.4,89.6,41.45,0.1966666666666666
NEBRASKA,2017,181.0,50.666666666666664,15.2,90.4,25.34,1.774166666666667
ILLINOIS,2018,210.0,52.475,14.6,85.3,45.79,1.600833333333333
INDIANA,2018,189.0,52.59166666666667,15.7,84.8,50.03,2.9133333333333336
IOWA,2018,196.0,47.49166666666667,8.7,83.8,45.08,2.5225
MINNESOTA,2018,182.0,40.59166666666667,-3.1,80.6,30.08,2.799166666666667
MISSOURI,2018,140.0,55.2,17.6,89.6,43.0,-0.5525
NEBRASKA,2018,192.0,48.25833333333333,10.2,85.2,29.22,2.6983333333333337
ILLINOIS,2019,181.0,52.1,17.5,87.5,49.86,4.340833333333333
INDIANA,2019,169.0,52.4,19.0,86.8,49.52,4.164166666666667
IOWA,2019,198.0,46.81666666666666,6.2,85.2,41.63,5.1258333333333335
MINNESOTA,2019,174.0,39.3,-4.7,81.1,35.65,4.882499999999999
MISSOURI,2019,155.0,54.975,22.9,87.7,53.82,3.474166666666666
NEBRASKA,2019,182.0,47.49166666666667,7.0,86.5,31.37,6.766666666666667
ILLINOIS,2020,191.0,53.30833333333333,24.0,87.2,41.93,3.580833333333333
INDIANA,2020,187.0,53.291666666666664,25.0,87.1,42.4,1.2241666666666666
IOWA,2020,177.0,49.15,15.5,85.9,29.28,0.525
MINNESOTA,2020,191.0,42.40833333333333,2.2,82.6,24.39,0.355
MISSOURI,2020,170.0,55.75833333333333,25.5,89.2,46.34,3.7533333333333334
NEBRASKA,2020,180.0,50.55,17.4,88.0,18.24,2.8516666666666666
ILLINOIS,2021,202.0,53.76666666666666,12.8,86.0,41.01,1.71
INDIANA,2021,195.0,53.5,15.8,85.5,45.45,0.88
IOWA,2021,204.0,50.0,4.5,85.7,30.84,-0.8916666666666666
MINNESOTA,2021,177.0,44.3,-2.7,83.4,23.57,-1.8458333333333332
MISSOURI,2021,159.0,56.3,15.7,88.0,44.01,2.231666666666667
NEBRASKA,2021,194.0,51.041666666666664,6.5,88.0,22.6,-0.8191666666666667
ILLINOIS,2022,214.0,52.05833333333333,12.6,85.8,37.25,0.4391666666666666
INDIANA,2022,190.0,52.175,14.9,85.5,38.18,0.3008333333333333
IOWA,2022,200.0,47.50833333333333,3.4,84.9,27.32,-0.7833333333333333
MINNESOTA,2022,195.0,40.0,-8.2,80.6,26.83,-0.395
MISSOURI,2022,161.0,55.025,17.4,91.1,40.26,0.1125
NEBRASKA,2022,165.0,49.650000000000006,11.8,89.8,15.62,-4.155
ILLINOIS,2023,206.0,54.74166666666667,25.9,86.0,34.65,-0.9925
INDIANA,2023,203.0,54.325,27.3,85.0,37.05,-0.8283333333333333
IOWA,2023,201.0,50.51666666666667,15.6,83.8,26.93,-1.5408333333333333
MINNESOTA,2023,185.0,43.75833333333333,2.7,81.0,24.16,-1.538333333333333
MISSOURI,2023,153.0,57.4,28.2,89.2,35.8,-1.24
NEBRASKA,2023,182.0,50.43333333333334,15.6,87.0,24.81,-1.7808333333333335
ILLINOIS,2024,217.0,55.5,20.7,85.4,40.87,-0.5825
INDIANA,2024,198.0,55.2,21.8,84.3,42.89,-1.4683333333333335
IOWA,2024,211.0,51.53333333333333,14.3,83.0,37.05,-0.5583333333333333
MINNESOTA,2024,174.0,45.53333333333333,9.6,80.4,29.59,-0.5408333333333333
MISSOURI,2024,183.0,57.96666666666667,20.1,86.6,43.94,-0.3258333333333333
NEBRASKA,2024,188.0,51.96666666666667,11.0,86.7,22.4,-0.3216666666666666
